/*
 Navicat Premium Data Transfer

 Source Server         : oracle19Csystem
 Source Server Type    : Oracle
 Source Server Version : 190000
 Source Host           : localhost:1521
 Source Schema         : WZY

 Target Server Type    : Oracle
 Target Server Version : 190000
 File Encoding         : 65001

 Date: 25/09/2024 19:02:03
*/


-- ----------------------------
-- Table structure for ADDRESS
-- ----------------------------
DROP TABLE "ADDRESS";
CREATE TABLE "ADDRESS" (
  "ID" NUMBER(11,0) VISIBLE NOT NULL,
  "USER_ID" NUMBER(11,0) VISIBLE,
  "CONSIGNEE" NVARCHAR2(255) VISIBLE,
  "SEX" NVARCHAR2(255) VISIBLE,
  "PHONE" NVARCHAR2(255) VISIBLE,
  "PROVINCE_CODE" NVARCHAR2(255) VISIBLE,
  "PROVINCE_NAME" NVARCHAR2(255) VISIBLE,
  "CITY_CODE" NVARCHAR2(255) VISIBLE,
  "CITY_NAME" NVARCHAR2(255) VISIBLE,
  "DISTRICT_CODE" NVARCHAR2(255) VISIBLE DEFAULT 1,
  "DISTRICT_NAME" NVARCHAR2(255) VISIBLE,
  "DETAIL" NVARCHAR2(255) VISIBLE,
  "LABEL" NVARCHAR2(255) VISIBLE,
  "IS_DEFAULT" NVARCHAR2(255) VISIBLE,
  "IS_DELETED" NVARCHAR2(255) VISIBLE
)
LOGGING
NOCOMPRESS
PCTFREE 10
INITRANS 1
STORAGE (
  INITIAL 65536 
  NEXT 1048576 
  MINEXTENTS 1
  MAXEXTENTS 2147483645
  BUFFER_POOL DEFAULT
)
PARALLEL 1
NOCACHE
DISABLE ROW MOVEMENT
;
COMMENT ON COLUMN "ADDRESS"."ID" IS '主键
';
COMMENT ON COLUMN "ADDRESS"."USER_ID" IS '用户id
';
COMMENT ON COLUMN "ADDRESS"."CONSIGNEE" IS '收货人
';
COMMENT ON COLUMN "ADDRESS"."SEX" IS '性别
';
COMMENT ON COLUMN "ADDRESS"."PHONE" IS '手机号
';
COMMENT ON COLUMN "ADDRESS"."PROVINCE_CODE" IS '省级区划编号
';
COMMENT ON COLUMN "ADDRESS"."PROVINCE_NAME" IS '省级名称
';
COMMENT ON COLUMN "ADDRESS"."CITY_CODE" IS '市级区划编号
';
COMMENT ON COLUMN "ADDRESS"."CITY_NAME" IS '市级名称
';
COMMENT ON COLUMN "ADDRESS"."DISTRICT_CODE" IS '区级区划编号
';
COMMENT ON COLUMN "ADDRESS"."DISTRICT_NAME" IS '区级名称
';
COMMENT ON COLUMN "ADDRESS"."DETAIL" IS '详细地址
';
COMMENT ON COLUMN "ADDRESS"."LABEL" IS '标签
';
COMMENT ON COLUMN "ADDRESS"."IS_DEFAULT" IS '默认 0 否 1是
';
COMMENT ON COLUMN "ADDRESS"."IS_DELETED" IS '是否删除（1删除0未删除）
';

-- ----------------------------
-- Records of ADDRESS
-- ----------------------------
INSERT INTO "ADDRESS" ("ID", "USER_ID", "CONSIGNEE", "SEX", "PHONE", "PROVINCE_CODE", "PROVINCE_NAME", "CITY_CODE", "CITY_NAME", "DISTRICT_CODE", "DISTRICT_NAME", "DETAIL", "LABEL", "IS_DEFAULT", "IS_DELETED") VALUES ('1', '1', '1', '1', '1', '1', '吉林', '1', '长春', '1', '朝阳大街', '前卫南', '1', '1', '0');
INSERT INTO "ADDRESS" ("ID", "USER_ID", "CONSIGNEE", "SEX", "PHONE", "PROVINCE_CODE", "PROVINCE_NAME", "CITY_CODE", "CITY_NAME", "DISTRICT_CODE", "DISTRICT_NAME", "DETAIL", "LABEL", "IS_DEFAULT", "IS_DELETED") VALUES ('5', '1', '吴卓宇', '1', '18929796265', '120000', '天津市', '120100', '天津市', '1', '和平区', '天剑大道', '1', '1', '0');
INSERT INTO "ADDRESS" ("ID", "USER_ID", "CONSIGNEE", "SEX", "PHONE", "PROVINCE_CODE", "PROVINCE_NAME", "CITY_CODE", "CITY_NAME", "DISTRICT_CODE", "DISTRICT_NAME", "DETAIL", "LABEL", "IS_DEFAULT", "IS_DELETED") VALUES ('22', '1', '吴大侠', '1', '18929796265', '110000', '北京市', '110100', '北京市', '1', '东城区', '123', 'null', '1', '0');
INSERT INTO "ADDRESS" ("ID", "USER_ID", "CONSIGNEE", "SEX", "PHONE", "PROVINCE_CODE", "PROVINCE_NAME", "CITY_CODE", "CITY_NAME", "DISTRICT_CODE", "DISTRICT_NAME", "DETAIL", "LABEL", "IS_DEFAULT", "IS_DELETED") VALUES ('42', '1', '123', '1', '18929796265', '110000', '北京市', '110100', '北京市', '1', '东城区', '123456486', 'null', '1', '0');
INSERT INTO "ADDRESS" ("ID", "USER_ID", "CONSIGNEE", "SEX", "PHONE", "PROVINCE_CODE", "PROVINCE_NAME", "CITY_CODE", "CITY_NAME", "DISTRICT_CODE", "DISTRICT_NAME", "DETAIL", "LABEL", "IS_DEFAULT", "IS_DELETED") VALUES ('44', '1', '1234564648', '1', '18929796265', '110000', '北京市', '110100', '北京市', '1', '东城区', '123', 'null', '1', '0');
COMMIT;
COMMIT;

-- ----------------------------
-- Table structure for ATTRIBUTE
-- ----------------------------
DROP TABLE "ATTRIBUTE";
CREATE TABLE "ATTRIBUTE" (
  "ID" NUMBER(11,0) VISIBLE NOT NULL,
  "SPU_ID" NUMBER(11,0) VISIBLE,
  "NAME" NVARCHAR2(255) VISIBLE,
  "VALUE" NVARCHAR2(255) VISIBLE,
  "IS_DELETED" NVARCHAR2(255) VISIBLE
)
LOGGING
NOCOMPRESS
PCTFREE 10
INITRANS 1
STORAGE (
  INITIAL 65536 
  NEXT 1048576 
  MINEXTENTS 1
  MAXEXTENTS 2147483645
  BUFFER_POOL DEFAULT
)
PARALLEL 1
NOCACHE
DISABLE ROW MOVEMENT
;
COMMENT ON COLUMN "ATTRIBUTE"."ID" IS '主键
';
COMMENT ON COLUMN "ATTRIBUTE"."SPU_ID" IS 'spuid
';
COMMENT ON COLUMN "ATTRIBUTE"."NAME" IS '属性名
';
COMMENT ON COLUMN "ATTRIBUTE"."VALUE" IS '属性值
';
COMMENT ON COLUMN "ATTRIBUTE"."IS_DELETED" IS '是否删除（1删除0未删除）
';

-- ----------------------------
-- Records of ATTRIBUTE
-- ----------------------------
INSERT INTO "ATTRIBUTE" ("ID", "SPU_ID", "NAME", "VALUE", "IS_DELETED") VALUES ('50', '42', '腹肌', '混沌一块', NULL);
INSERT INTO "ATTRIBUTE" ("ID", "SPU_ID", "NAME", "VALUE", "IS_DELETED") VALUES ('51', '42', '腹肌', '四块', NULL);
INSERT INTO "ATTRIBUTE" ("ID", "SPU_ID", "NAME", "VALUE", "IS_DELETED") VALUES ('52', '42', '腹肌', '能开瓶盖', NULL);
INSERT INTO "ATTRIBUTE" ("ID", "SPU_ID", "NAME", "VALUE", "IS_DELETED") VALUES ('53', '42', '待机时间', '1天', NULL);
INSERT INTO "ATTRIBUTE" ("ID", "SPU_ID", "NAME", "VALUE", "IS_DELETED") VALUES ('54', '42', '待机时间', '10天', NULL);
INSERT INTO "ATTRIBUTE" ("ID", "SPU_ID", "NAME", "VALUE", "IS_DELETED") VALUES ('55', '42', '待机时间', '100天', NULL);
INSERT INTO "ATTRIBUTE" ("ID", "SPU_ID", "NAME", "VALUE", "IS_DELETED") VALUES ('81', '61', '大小', '大果', NULL);
INSERT INTO "ATTRIBUTE" ("ID", "SPU_ID", "NAME", "VALUE", "IS_DELETED") VALUES ('82', '61', '大小', '中果', NULL);
INSERT INTO "ATTRIBUTE" ("ID", "SPU_ID", "NAME", "VALUE", "IS_DELETED") VALUES ('83', '61', '斤数', '5斤', NULL);
INSERT INTO "ATTRIBUTE" ("ID", "SPU_ID", "NAME", "VALUE", "IS_DELETED") VALUES ('84', '61', '斤数', '10斤', NULL);
INSERT INTO "ATTRIBUTE" ("ID", "SPU_ID", "NAME", "VALUE", "IS_DELETED") VALUES ('85', '62', '大小', '大果', NULL);
INSERT INTO "ATTRIBUTE" ("ID", "SPU_ID", "NAME", "VALUE", "IS_DELETED") VALUES ('86', '62', '大小', '中果', NULL);
INSERT INTO "ATTRIBUTE" ("ID", "SPU_ID", "NAME", "VALUE", "IS_DELETED") VALUES ('87', '62', '大小', '特大果', NULL);
INSERT INTO "ATTRIBUTE" ("ID", "SPU_ID", "NAME", "VALUE", "IS_DELETED") VALUES ('88', '62', '斤数', '20斤', NULL);
INSERT INTO "ATTRIBUTE" ("ID", "SPU_ID", "NAME", "VALUE", "IS_DELETED") VALUES ('89', '62', '斤数', '30斤', NULL);
INSERT INTO "ATTRIBUTE" ("ID", "SPU_ID", "NAME", "VALUE", "IS_DELETED") VALUES ('90', '62', '斤数', '10斤', NULL);
INSERT INTO "ATTRIBUTE" ("ID", "SPU_ID", "NAME", "VALUE", "IS_DELETED") VALUES ('21', '27', '眉毛', '有一条', NULL);
INSERT INTO "ATTRIBUTE" ("ID", "SPU_ID", "NAME", "VALUE", "IS_DELETED") VALUES ('22', '27', '眉毛', '有两条', NULL);
INSERT INTO "ATTRIBUTE" ("ID", "SPU_ID", "NAME", "VALUE", "IS_DELETED") VALUES ('23', '27', '眉毛', '没有', NULL);
INSERT INTO "ATTRIBUTE" ("ID", "SPU_ID", "NAME", "VALUE", "IS_DELETED") VALUES ('24', '27', '鼻涕', '一滴', NULL);
INSERT INTO "ATTRIBUTE" ("ID", "SPU_ID", "NAME", "VALUE", "IS_DELETED") VALUES ('25', '27', '鼻涕', '半滴', NULL);
INSERT INTO "ATTRIBUTE" ("ID", "SPU_ID", "NAME", "VALUE", "IS_DELETED") VALUES ('41', '41', '待机时间', '10天', NULL);
INSERT INTO "ATTRIBUTE" ("ID", "SPU_ID", "NAME", "VALUE", "IS_DELETED") VALUES ('42', '41', '待机时间', '5天', NULL);
INSERT INTO "ATTRIBUTE" ("ID", "SPU_ID", "NAME", "VALUE", "IS_DELETED") VALUES ('43', '41', '待机时间', '100天', NULL);
INSERT INTO "ATTRIBUTE" ("ID", "SPU_ID", "NAME", "VALUE", "IS_DELETED") VALUES ('44', '41', '身高', '170', NULL);
INSERT INTO "ATTRIBUTE" ("ID", "SPU_ID", "NAME", "VALUE", "IS_DELETED") VALUES ('45', '41', '身高', '180', NULL);
INSERT INTO "ATTRIBUTE" ("ID", "SPU_ID", "NAME", "VALUE", "IS_DELETED") VALUES ('46', '41', '身高', '190', NULL);
INSERT INTO "ATTRIBUTE" ("ID", "SPU_ID", "NAME", "VALUE", "IS_DELETED") VALUES ('47', '41', '腹肌', '混沌一块', NULL);
INSERT INTO "ATTRIBUTE" ("ID", "SPU_ID", "NAME", "VALUE", "IS_DELETED") VALUES ('48', '41', '腹肌', '四块', NULL);
INSERT INTO "ATTRIBUTE" ("ID", "SPU_ID", "NAME", "VALUE", "IS_DELETED") VALUES ('49', '41', '腹肌', '能开瓶盖', NULL);
INSERT INTO "ATTRIBUTE" ("ID", "SPU_ID", "NAME", "VALUE", "IS_DELETED") VALUES ('56', '43', '腹肌', '混沌一块', NULL);
INSERT INTO "ATTRIBUTE" ("ID", "SPU_ID", "NAME", "VALUE", "IS_DELETED") VALUES ('57', '43', '腹肌', '四块', NULL);
INSERT INTO "ATTRIBUTE" ("ID", "SPU_ID", "NAME", "VALUE", "IS_DELETED") VALUES ('58', '43', '腹肌', '能开瓶盖', NULL);
INSERT INTO "ATTRIBUTE" ("ID", "SPU_ID", "NAME", "VALUE", "IS_DELETED") VALUES ('59', '43', '时间', '1天', NULL);
INSERT INTO "ATTRIBUTE" ("ID", "SPU_ID", "NAME", "VALUE", "IS_DELETED") VALUES ('60', '43', '时间', '10天', NULL);
INSERT INTO "ATTRIBUTE" ("ID", "SPU_ID", "NAME", "VALUE", "IS_DELETED") VALUES ('61', '43', '时间', '100天', NULL);
INSERT INTO "ATTRIBUTE" ("ID", "SPU_ID", "NAME", "VALUE", "IS_DELETED") VALUES ('101', '81', '内存', '16GB', NULL);
INSERT INTO "ATTRIBUTE" ("ID", "SPU_ID", "NAME", "VALUE", "IS_DELETED") VALUES ('102', '81', '内存', '32GB', NULL);
INSERT INTO "ATTRIBUTE" ("ID", "SPU_ID", "NAME", "VALUE", "IS_DELETED") VALUES ('103', '81', '内存', '8GB', NULL);
INSERT INTO "ATTRIBUTE" ("ID", "SPU_ID", "NAME", "VALUE", "IS_DELETED") VALUES ('104', '81', '磁盘大小', '512GB', NULL);
INSERT INTO "ATTRIBUTE" ("ID", "SPU_ID", "NAME", "VALUE", "IS_DELETED") VALUES ('105', '81', '磁盘大小', '1024GB', NULL);
INSERT INTO "ATTRIBUTE" ("ID", "SPU_ID", "NAME", "VALUE", "IS_DELETED") VALUES ('2', '5', '内存', '512G', NULL);
INSERT INTO "ATTRIBUTE" ("ID", "SPU_ID", "NAME", "VALUE", "IS_DELETED") VALUES ('4', '5', '内存', '1T', NULL);
INSERT INTO "ATTRIBUTE" ("ID", "SPU_ID", "NAME", "VALUE", "IS_DELETED") VALUES ('6', '5', '内存', '2T', NULL);
INSERT INTO "ATTRIBUTE" ("ID", "SPU_ID", "NAME", "VALUE", "IS_DELETED") VALUES ('8', '5', '大小', '12寸', NULL);
INSERT INTO "ATTRIBUTE" ("ID", "SPU_ID", "NAME", "VALUE", "IS_DELETED") VALUES ('10', '5', '大小', '115寸', NULL);
COMMIT;
COMMIT;

-- ----------------------------
-- Table structure for EMPLOYEE
-- ----------------------------
DROP TABLE "EMPLOYEE";
CREATE TABLE "EMPLOYEE" (
  "ID" NUMBER(11,0) VISIBLE NOT NULL,
  "NAME" NVARCHAR2(255) VISIBLE,
  "USERNAME" NVARCHAR2(255) VISIBLE,
  "PASSWORD" NVARCHAR2(255) VISIBLE,
  "PHONE" NVARCHAR2(255) VISIBLE,
  "SEX" NVARCHAR2(255) VISIBLE,
  "ID_NUMBER" NUMBER(11,0) VISIBLE,
  "STATUS" NUMBER(11,0) VISIBLE,
  "CREATE_TIME" DATE VISIBLE,
  "UPDATE_TIME" DATE VISIBLE,
  "IS_DELETED" NVARCHAR2(255) VISIBLE,
  "CREATE_USER" NUMBER(11,0) VISIBLE,
  "UPDATE_USER" NUMBER(11,0) VISIBLE
)
LOGGING
NOCOMPRESS
PCTFREE 10
INITRANS 1
STORAGE (
  INITIAL 65536 
  NEXT 1048576 
  MINEXTENTS 1
  MAXEXTENTS 2147483645
  BUFFER_POOL DEFAULT
)
PARALLEL 1
NOCACHE
DISABLE ROW MOVEMENT
;
COMMENT ON COLUMN "EMPLOYEE"."ID" IS '主键
';
COMMENT ON COLUMN "EMPLOYEE"."NAME" IS '姓名
';
COMMENT ON COLUMN "EMPLOYEE"."USERNAME" IS '用户名称
';
COMMENT ON COLUMN "EMPLOYEE"."PASSWORD" IS '密码
';
COMMENT ON COLUMN "EMPLOYEE"."PHONE" IS '手机号码
';
COMMENT ON COLUMN "EMPLOYEE"."SEX" IS '性别
';
COMMENT ON COLUMN "EMPLOYEE"."ID_NUMBER" IS '身份证号码
';
COMMENT ON COLUMN "EMPLOYEE"."STATUS" IS '状态（0禁用1启用）
';
COMMENT ON COLUMN "EMPLOYEE"."CREATE_TIME" IS '创建时间
';
COMMENT ON COLUMN "EMPLOYEE"."UPDATE_TIME" IS '更新时间
';
COMMENT ON COLUMN "EMPLOYEE"."IS_DELETED" IS '是否删除（1删除0未删除）
';
COMMENT ON COLUMN "EMPLOYEE"."CREATE_USER" IS '创建人id
';
COMMENT ON COLUMN "EMPLOYEE"."UPDATE_USER" IS '修改人id
';

-- ----------------------------
-- Records of EMPLOYEE
-- ----------------------------
INSERT INTO "EMPLOYEE" ("ID", "NAME", "USERNAME", "PASSWORD", "PHONE", "SEX", "ID_NUMBER", "STATUS", "CREATE_TIME", "UPDATE_TIME", "IS_DELETED", "CREATE_USER", "UPDATE_USER") VALUES ('41', '吴卓宇', '15468789', 'e10adc3949ba59abbe56e057f20f883e', '18929796265', '1', '440981200', '1', TO_DATE('2024-06-28 20:45:07', 'SYYYY-MM-DD HH24:MI:SS'), TO_DATE('2024-06-28 20:45:07', 'SYYYY-MM-DD HH24:MI:SS'), NULL, '1', '1');
INSERT INTO "EMPLOYEE" ("ID", "NAME", "USERNAME", "PASSWORD", "PHONE", "SEX", "ID_NUMBER", "STATUS", "CREATE_TIME", "UPDATE_TIME", "IS_DELETED", "CREATE_USER", "UPDATE_USER") VALUES ('21', '鸟', '1231', 'e10adc3949ba59abbe56e057f20f883e', '18929796265', '1', '4409', '1', TO_DATE('2024-06-04 09:56:53', 'SYYYY-MM-DD HH24:MI:SS'), TO_DATE('2024-06-04 09:56:53', 'SYYYY-MM-DD HH24:MI:SS'), NULL, '1', '1');
INSERT INTO "EMPLOYEE" ("ID", "NAME", "USERNAME", "PASSWORD", "PHONE", "SEX", "ID_NUMBER", "STATUS", "CREATE_TIME", "UPDATE_TIME", "IS_DELETED", "CREATE_USER", "UPDATE_USER") VALUES ('42', 'aaa', '45678', 'e10adc3949ba59abbe56e057f20f883e', '18929796265', '1', '4409', '1', TO_DATE('2024-06-28 22:21:24', 'SYYYY-MM-DD HH24:MI:SS'), TO_DATE('2024-06-28 22:21:24', 'SYYYY-MM-DD HH24:MI:SS'), NULL, '1', '1');
INSERT INTO "EMPLOYEE" ("ID", "NAME", "USERNAME", "PASSWORD", "PHONE", "SEX", "ID_NUMBER", "STATUS", "CREATE_TIME", "UPDATE_TIME", "IS_DELETED", "CREATE_USER", "UPDATE_USER") VALUES ('1', '鸟', '1231', 'e10adc3949ba59abbe56e057f20f883e', '18929796265', '0', '4409', '1', NULL, NULL, NULL, '1', '1');
COMMIT;
COMMIT;

-- ----------------------------
-- Table structure for ORDER_DETAIL
-- ----------------------------
DROP TABLE "ORDER_DETAIL";
CREATE TABLE "ORDER_DETAIL" (
  "ID" NUMBER(11,0) VISIBLE NOT NULL,
  "SPUID" NUMBER(11,0) VISIBLE,
  "SKUID" NUMBER(11,0) VISIBLE,
  "ORDER_ID" NUMBER(11,0) VISIBLE,
  "COUNT" NUMBER(11,0) VISIBLE
)
LOGGING
NOCOMPRESS
PCTFREE 10
INITRANS 1
STORAGE (
  INITIAL 65536 
  NEXT 1048576 
  MINEXTENTS 1
  MAXEXTENTS 2147483645
  BUFFER_POOL DEFAULT
)
PARALLEL 1
NOCACHE
DISABLE ROW MOVEMENT
;
COMMENT ON COLUMN "ORDER_DETAIL"."ID" IS '主键
';
COMMENT ON COLUMN "ORDER_DETAIL"."SPUID" IS 'spuid
';
COMMENT ON COLUMN "ORDER_DETAIL"."SKUID" IS 'skuid
';
COMMENT ON COLUMN "ORDER_DETAIL"."ORDER_ID" IS '订单概况表id
';

-- ----------------------------
-- Records of ORDER_DETAIL
-- ----------------------------
INSERT INTO "ORDER_DETAIL" ("ID", "SPUID", "SKUID", "ORDER_ID", "COUNT") VALUES ('82', '5', '20', '44', '1');
INSERT INTO "ORDER_DETAIL" ("ID", "SPUID", "SKUID", "ORDER_ID", "COUNT") VALUES ('68', '43', '64', '37', '1');
INSERT INTO "ORDER_DETAIL" ("ID", "SPUID", "SKUID", "ORDER_ID", "COUNT") VALUES ('70', '43', '65', '37', '1');
COMMIT;
COMMIT;

-- ----------------------------
-- Table structure for ORDER_SUMMARY
-- ----------------------------
DROP TABLE "ORDER_SUMMARY";
CREATE TABLE "ORDER_SUMMARY" (
  "ID" NUMBER(11,0) VISIBLE NOT NULL,
  "NUMBER" NUMBER(11,0) VISIBLE,
  "STATUS" NUMBER(11,0) VISIBLE,
  "USER_ID" NUMBER(11,0) VISIBLE,
  "ADDRESS_BOOK_ID" NUMBER(11,0) VISIBLE,
  "PAY_METHOD" NUMBER(11,0) VISIBLE,
  "PAY_ID" NUMBER(11,0) VISIBLE,
  "PAY_STATUS" NUMBER(11,0) VISIBLE,
  "SUM_MONEY" NUMBER VISIBLE,
  "DISCOUNT_MONEY" NUMBER VISIBLE,
  "PAY_MONEY" NUMBER VISIBLE,
  "REMARK" NVARCHAR2(255) VISIBLE,
  "PHONE" NVARCHAR2(255) VISIBLE,
  "ADDRESS" NVARCHAR2(255) VISIBLE,
  "USER_NAME" NVARCHAR2(255) VISIBLE,
  "CONSIGNEE" NVARCHAR2(255) VISIBLE,
  "CANCEL_REASON" NVARCHAR2(255) VISIBLE,
  "REJECTION_REASON" NVARCHAR2(255) VISIBLE,
  "CANCEL_TIME" DATE VISIBLE,
  "ESTIMATED_DELIVERY_TIME" DATE VISIBLE,
  "CREATE_TIME" DATE VISIBLE,
  "DELIVERY_TIME" DATE VISIBLE,
  "CHECKOUT_TIME" DATE VISIBLE,
  "PAY_AMOUNT" NUMBER VISIBLE,
  "IS_DELETED" NUMBER(11,0) VISIBLE
)
LOGGING
NOCOMPRESS
PCTFREE 10
INITRANS 1
STORAGE (
  INITIAL 65536 
  NEXT 1048576 
  MINEXTENTS 1
  MAXEXTENTS 2147483645
  BUFFER_POOL DEFAULT
)
PARALLEL 1
NOCACHE
DISABLE ROW MOVEMENT
;
COMMENT ON COLUMN "ORDER_SUMMARY"."STATUS" IS '订单状态 1待付款 2待接单 3已接单 
4派送中 5已完成 6已取消 7退款 8已收货';
COMMENT ON COLUMN "ORDER_SUMMARY"."USER_ID" IS '用户id
';
COMMENT ON COLUMN "ORDER_SUMMARY"."ADDRESS_BOOK_ID" IS '地址Id';
COMMENT ON COLUMN "ORDER_SUMMARY"."PAY_METHOD" IS '支付方式 1微信,2支付宝';
COMMENT ON COLUMN "ORDER_SUMMARY"."PAY_ID" IS '支付编号';
COMMENT ON COLUMN "ORDER_SUMMARY"."PAY_STATUS" IS '支付状态 0未支付 1已支付 2退款''
';
COMMENT ON COLUMN "ORDER_SUMMARY"."SUM_MONEY" IS '合计总价
';
COMMENT ON COLUMN "ORDER_SUMMARY"."DISCOUNT_MONEY" IS '优惠金额
';
COMMENT ON COLUMN "ORDER_SUMMARY"."PAY_MONEY" IS '实付款
';
COMMENT ON COLUMN "ORDER_SUMMARY"."REMARK" IS '备注
';
COMMENT ON COLUMN "ORDER_SUMMARY"."PHONE" IS '电话号码
';
COMMENT ON COLUMN "ORDER_SUMMARY"."ADDRESS" IS '地址信息
';
COMMENT ON COLUMN "ORDER_SUMMARY"."USER_NAME" IS '用户名称
';
COMMENT ON COLUMN "ORDER_SUMMARY"."CONSIGNEE" IS '收货人
';
COMMENT ON COLUMN "ORDER_SUMMARY"."CANCEL_REASON" IS '订单取消原因
';
COMMENT ON COLUMN "ORDER_SUMMARY"."REJECTION_REASON" IS '商家拒单原因
';
COMMENT ON COLUMN "ORDER_SUMMARY"."CANCEL_TIME" IS '订单取消时间
';
COMMENT ON COLUMN "ORDER_SUMMARY"."ESTIMATED_DELIVERY_TIME" IS '送达时间待定
';
COMMENT ON COLUMN "ORDER_SUMMARY"."CREATE_TIME" IS '创建时间
';
COMMENT ON COLUMN "ORDER_SUMMARY"."DELIVERY_TIME" IS '开始配送时间
';
COMMENT ON COLUMN "ORDER_SUMMARY"."CHECKOUT_TIME" IS '结账时间
';
COMMENT ON COLUMN "ORDER_SUMMARY"."PAY_AMOUNT" IS '运费
';
COMMENT ON COLUMN "ORDER_SUMMARY"."IS_DELETED" IS '是否删除（1删除0未删除）
';

-- ----------------------------
-- Records of ORDER_SUMMARY
-- ----------------------------
INSERT INTO "ORDER_SUMMARY" ("ID", "NUMBER", "STATUS", "USER_ID", "ADDRESS_BOOK_ID", "PAY_METHOD", "PAY_ID", "PAY_STATUS", "SUM_MONEY", "DISCOUNT_MONEY", "PAY_MONEY", "REMARK", "PHONE", "ADDRESS", "USER_NAME", "CONSIGNEE", "CANCEL_REASON", "REJECTION_REASON", "CANCEL_TIME", "ESTIMATED_DELIVERY_TIME", "CREATE_TIME", "DELIVERY_TIME", "CHECKOUT_TIME", "PAY_AMOUNT", "IS_DELETED") VALUES ('44', NULL, '5', '1', '1', NULL, NULL, NULL, '1999', NULL, '1999', NULL, '1', '吉林长春朝阳大街null', NULL, '1', NULL, NULL, NULL, NULL, NULL, NULL, NULL, '6', NULL);
INSERT INTO "ORDER_SUMMARY" ("ID", "NUMBER", "STATUS", "USER_ID", "ADDRESS_BOOK_ID", "PAY_METHOD", "PAY_ID", "PAY_STATUS", "SUM_MONEY", "DISCOUNT_MONEY", "PAY_MONEY", "REMARK", "PHONE", "ADDRESS", "USER_NAME", "CONSIGNEE", "CANCEL_REASON", "REJECTION_REASON", "CANCEL_TIME", "ESTIMATED_DELIVERY_TIME", "CREATE_TIME", "DELIVERY_TIME", "CHECKOUT_TIME", "PAY_AMOUNT", "IS_DELETED") VALUES ('42', NULL, '5', '1', '44', NULL, NULL, NULL, '199', NULL, '199', NULL, '1', '吉林长春朝阳大街null', NULL, '1', NULL, NULL, NULL, NULL, NULL, NULL, NULL, '6', NULL);
INSERT INTO "ORDER_SUMMARY" ("ID", "NUMBER", "STATUS", "USER_ID", "ADDRESS_BOOK_ID", "PAY_METHOD", "PAY_ID", "PAY_STATUS", "SUM_MONEY", "DISCOUNT_MONEY", "PAY_MONEY", "REMARK", "PHONE", "ADDRESS", "USER_NAME", "CONSIGNEE", "CANCEL_REASON", "REJECTION_REASON", "CANCEL_TIME", "ESTIMATED_DELIVERY_TIME", "CREATE_TIME", "DELIVERY_TIME", "CHECKOUT_TIME", "PAY_AMOUNT", "IS_DELETED") VALUES ('43', NULL, '5', '1', '44', NULL, NULL, NULL, '199', NULL, '199', NULL, '1', '吉林长春朝阳大街null', NULL, '1', NULL, NULL, NULL, NULL, NULL, NULL, NULL, '6', NULL);
INSERT INTO "ORDER_SUMMARY" ("ID", "NUMBER", "STATUS", "USER_ID", "ADDRESS_BOOK_ID", "PAY_METHOD", "PAY_ID", "PAY_STATUS", "SUM_MONEY", "DISCOUNT_MONEY", "PAY_MONEY", "REMARK", "PHONE", "ADDRESS", "USER_NAME", "CONSIGNEE", "CANCEL_REASON", "REJECTION_REASON", "CANCEL_TIME", "ESTIMATED_DELIVERY_TIME", "CREATE_TIME", "DELIVERY_TIME", "CHECKOUT_TIME", "PAY_AMOUNT", "IS_DELETED") VALUES ('41', NULL, '5', '1', '44', NULL, NULL, NULL, '199', NULL, '199', NULL, '1', '吉林长春朝阳大街null', NULL, '1', NULL, NULL, NULL, NULL, NULL, NULL, NULL, '6', NULL);
INSERT INTO "ORDER_SUMMARY" ("ID", "NUMBER", "STATUS", "USER_ID", "ADDRESS_BOOK_ID", "PAY_METHOD", "PAY_ID", "PAY_STATUS", "SUM_MONEY", "DISCOUNT_MONEY", "PAY_MONEY", "REMARK", "PHONE", "ADDRESS", "USER_NAME", "CONSIGNEE", "CANCEL_REASON", "REJECTION_REASON", "CANCEL_TIME", "ESTIMATED_DELIVERY_TIME", "CREATE_TIME", "DELIVERY_TIME", "CHECKOUT_TIME", "PAY_AMOUNT", "IS_DELETED") VALUES ('36', NULL, '1', '1', '5', NULL, NULL, NULL, '2198', NULL, '2198', NULL, '1', '吉林长春朝阳大街null', NULL, '1', NULL, NULL, NULL, NULL, NULL, NULL, NULL, '6', NULL);
INSERT INTO "ORDER_SUMMARY" ("ID", "NUMBER", "STATUS", "USER_ID", "ADDRESS_BOOK_ID", "PAY_METHOD", "PAY_ID", "PAY_STATUS", "SUM_MONEY", "DISCOUNT_MONEY", "PAY_MONEY", "REMARK", "PHONE", "ADDRESS", "USER_NAME", "CONSIGNEE", "CANCEL_REASON", "REJECTION_REASON", "CANCEL_TIME", "ESTIMATED_DELIVERY_TIME", "CREATE_TIME", "DELIVERY_TIME", "CHECKOUT_TIME", "PAY_AMOUNT", "IS_DELETED") VALUES ('37', NULL, '5', '1', '5', NULL, NULL, NULL, '2198', NULL, '2198', NULL, '1', '吉林长春朝阳大街null', NULL, '1', NULL, NULL, NULL, NULL, NULL, NULL, NULL, '6', NULL);
COMMIT;
COMMIT;

-- ----------------------------
-- Table structure for PRIMARY_CLASSIFICATION
-- ----------------------------
DROP TABLE "PRIMARY_CLASSIFICATION";
CREATE TABLE "PRIMARY_CLASSIFICATION" (
  "ID" NUMBER(11,0) VISIBLE NOT NULL,
  "NAME" NVARCHAR2(255) VISIBLE,
  "ICON" NVARCHAR2(255) VISIBLE,
  "IS_EFFECTIVE" NVARCHAR2(255) VISIBLE,
  "IS_DELETED" NVARCHAR2(255) VISIBLE
)
LOGGING
NOCOMPRESS
PCTFREE 10
INITRANS 1
STORAGE (
  INITIAL 65536 
  NEXT 1048576 
  MINEXTENTS 1
  MAXEXTENTS 2147483645
  BUFFER_POOL DEFAULT
)
PARALLEL 1
NOCACHE
DISABLE ROW MOVEMENT
;
COMMENT ON COLUMN "PRIMARY_CLASSIFICATION"."ID" IS '主键
';
COMMENT ON COLUMN "PRIMARY_CLASSIFICATION"."NAME" IS '一级分类名
';
COMMENT ON COLUMN "PRIMARY_CLASSIFICATION"."ICON" IS '图标地址
';
COMMENT ON COLUMN "PRIMARY_CLASSIFICATION"."IS_EFFECTIVE" IS '是否有效（1有效0无效）
';
COMMENT ON COLUMN "PRIMARY_CLASSIFICATION"."IS_DELETED" IS '是否删除（1删除0未删除）
';

-- ----------------------------
-- Records of PRIMARY_CLASSIFICATION
-- ----------------------------
INSERT INTO "PRIMARY_CLASSIFICATION" ("ID", "NAME", "ICON", "IS_EFFECTIVE", "IS_DELETED") VALUES ('62', '广东特产', 'https://sky-take-out-yyh.oss-cn-beijing.aliyuncs.com/ac8a8312-940f-40d1-8240-765e552dd77c.jpg', '1', '0');
INSERT INTO "PRIMARY_CLASSIFICATION" ("ID", "NAME", "ICON", "IS_EFFECTIVE", "IS_DELETED") VALUES ('1', '手机', 'https://sky-take-out-yyh.oss-cn-beijing.aliyuncs.com/8fc60510-6d4d-4723-80ed-8fffa7cdb64c.jpg', '1', '1');
INSERT INTO "PRIMARY_CLASSIFICATION" ("ID", "NAME", "ICON", "IS_EFFECTIVE", "IS_DELETED") VALUES ('2', '手机', 'https://sky-take-out-yyh.oss-cn-beijing.aliyuncs.com/8fc60510-6d4d-4723-80ed-8fffa7cdb64c.jpg', '1', '1');
INSERT INTO "PRIMARY_CLASSIFICATION" ("ID", "NAME", "ICON", "IS_EFFECTIVE", "IS_DELETED") VALUES ('3', '手机', 'https://sky-take-out-yyh.oss-cn-beijing.aliyuncs.com/8fc60510-6d4d-4723-80ed-8fffa7cdb64c.jpg', '1', '1');
INSERT INTO "PRIMARY_CLASSIFICATION" ("ID", "NAME", "ICON", "IS_EFFECTIVE", "IS_DELETED") VALUES ('4', '手机', 'https://sky-take-out-yyh.oss-cn-beijing.aliyuncs.com/8fc60510-6d4d-4723-80ed-8fffa7cdb64c.jpg', '1', '1');
INSERT INTO "PRIMARY_CLASSIFICATION" ("ID", "NAME", "ICON", "IS_EFFECTIVE", "IS_DELETED") VALUES ('5', '手机', 'https://sky-take-out-yyh.oss-cn-beijing.aliyuncs.com/8fc60510-6d4d-4723-80ed-8fffa7cdb64c.jpg', '1', '1');
INSERT INTO "PRIMARY_CLASSIFICATION" ("ID", "NAME", "ICON", "IS_EFFECTIVE", "IS_DELETED") VALUES ('6', '手机', 'https://sky-take-out-yyh.oss-cn-beijing.aliyuncs.com/8fc60510-6d4d-4723-80ed-8fffa7cdb64c.jpg', '1', '1');
INSERT INTO "PRIMARY_CLASSIFICATION" ("ID", "NAME", "ICON", "IS_EFFECTIVE", "IS_DELETED") VALUES ('7', '手机', 'https://sky-take-out-yyh.oss-cn-beijing.aliyuncs.com/8fc60510-6d4d-4723-80ed-8fffa7cdb64c.jpg', '1', '0');
INSERT INTO "PRIMARY_CLASSIFICATION" ("ID", "NAME", "ICON", "IS_EFFECTIVE", "IS_DELETED") VALUES ('9', '收集', 'https://sky-take-out-yyh.oss-cn-beijing.aliyuncs.com/8c400901-6d23-493a-ab03-1f4e8323ddc0.jpg', '1', '0');
INSERT INTO "PRIMARY_CLASSIFICATION" ("ID", "NAME", "ICON", "IS_EFFECTIVE", "IS_DELETED") VALUES ('11', 'wif', 'https://sky-take-out-yyh.oss-cn-beijing.aliyuncs.com/fda8e46e-9a1b-4178-b963-317c375abf73.png', '1', '0');
INSERT INTO "PRIMARY_CLASSIFICATION" ("ID", "NAME", "ICON", "IS_EFFECTIVE", "IS_DELETED") VALUES ('22', '游远航', 'https://sky-take-out-yyh.oss-cn-beijing.aliyuncs.com/44a6d5f4-2734-4f64-9dfd-354221473649.png', '1', '0');
INSERT INTO "PRIMARY_CLASSIFICATION" ("ID", "NAME", "ICON", "IS_EFFECTIVE", "IS_DELETED") VALUES ('42', '动物', 'https://sky-take-out-yyh.oss-cn-beijing.aliyuncs.com/280e45df-d45b-4c8c-a4bc-b309c1bbd92b.jpg', '1', '1');
INSERT INTO "PRIMARY_CLASSIFICATION" ("ID", "NAME", "ICON", "IS_EFFECTIVE", "IS_DELETED") VALUES ('44', '吴卓宇', 'https://sky-take-out-yyh.oss-cn-beijing.aliyuncs.com/f0575aad-937b-416e-aeda-00d42b9412df.jpeg', '1', '0');
INSERT INTO "PRIMARY_CLASSIFICATION" ("ID", "NAME", "ICON", "IS_EFFECTIVE", "IS_DELETED") VALUES ('46', 'wzy', 'https://sky-take-out-yyh.oss-cn-beijing.aliyuncs.com/d4e00db6-d0c2-4890-9275-63dc8496b6e7.jpg', '1', '1');
INSERT INTO "PRIMARY_CLASSIFICATION" ("ID", "NAME", "ICON", "IS_EFFECTIVE", "IS_DELETED") VALUES ('48', '动物', 'https://sky-take-out-yyh.oss-cn-beijing.aliyuncs.com/34df4023-82e3-4c3f-8c83-ad6e6fd1fc90.jpg', '0', '0');
INSERT INTO "PRIMARY_CLASSIFICATION" ("ID", "NAME", "ICON", "IS_EFFECTIVE", "IS_DELETED") VALUES ('82', '手机1', 'https://sky-take-out-yyh.oss-cn-beijing.aliyuncs.com/fbbe4d08-3735-49a5-9b02-8bc5e2097174.png', '1', '0');
INSERT INTO "PRIMARY_CLASSIFICATION" ("ID", "NAME", "ICON", "IS_EFFECTIVE", "IS_DELETED") VALUES ('13', '饮料', 'https://sky-take-out-yyh.oss-cn-beijing.aliyuncs.com/44e59200-9e00-4a27-9692-22513d0b1bc0.jpg', '1', '1');
COMMIT;
COMMIT;

-- ----------------------------
-- Table structure for SECONDARY_CLASSIFICATION
-- ----------------------------
DROP TABLE "SECONDARY_CLASSIFICATION";
CREATE TABLE "SECONDARY_CLASSIFICATION" (
  "ID" NUMBER(11,0) VISIBLE NOT NULL,
  "NAME" NVARCHAR2(255) VISIBLE,
  "PARENT_ID" NVARCHAR2(255) VISIBLE,
  "PARENT_NAME" NVARCHAR2(255) VISIBLE,
  "IS_EFFECTIVE" NVARCHAR2(255) VISIBLE,
  "IS_DELETED" NVARCHAR2(255) VISIBLE
)
LOGGING
NOCOMPRESS
PCTFREE 10
INITRANS 1
STORAGE (
  INITIAL 65536 
  NEXT 1048576 
  MINEXTENTS 1
  MAXEXTENTS 2147483645
  BUFFER_POOL DEFAULT
)
PARALLEL 1
NOCACHE
DISABLE ROW MOVEMENT
;
COMMENT ON COLUMN "SECONDARY_CLASSIFICATION"."ID" IS '主键
';
COMMENT ON COLUMN "SECONDARY_CLASSIFICATION"."NAME" IS '二级商品名
';
COMMENT ON COLUMN "SECONDARY_CLASSIFICATION"."PARENT_ID" IS '父类id
';
COMMENT ON COLUMN "SECONDARY_CLASSIFICATION"."PARENT_NAME" IS '父类名
';
COMMENT ON COLUMN "SECONDARY_CLASSIFICATION"."IS_EFFECTIVE" IS '是否有效（1有效0无效）
';
COMMENT ON COLUMN "SECONDARY_CLASSIFICATION"."IS_DELETED" IS '是否删除（1删除0未删除）
';

-- ----------------------------
-- Records of SECONDARY_CLASSIFICATION
-- ----------------------------
INSERT INTO "SECONDARY_CLASSIFICATION" ("ID", "NAME", "PARENT_ID", "PARENT_NAME", "IS_EFFECTIVE", "IS_DELETED") VALUES ('2', '华为', '3', '手机', '0', '0');
INSERT INTO "SECONDARY_CLASSIFICATION" ("ID", "NAME", "PARENT_ID", "PARENT_NAME", "IS_EFFECTIVE", "IS_DELETED") VALUES ('62', '荔枝', '62', '广东特产', '1', '0');
INSERT INTO "SECONDARY_CLASSIFICATION" ("ID", "NAME", "PARENT_ID", "PARENT_NAME", "IS_EFFECTIVE", "IS_DELETED") VALUES ('64', '香蕉', '62', '广东特产', '1', '0');
INSERT INTO "SECONDARY_CLASSIFICATION" ("ID", "NAME", "PARENT_ID", "PARENT_NAME", "IS_EFFECTIVE", "IS_DELETED") VALUES ('66', '三华李', '62', '广东特产', '1', '0');
INSERT INTO "SECONDARY_CLASSIFICATION" ("ID", "NAME", "PARENT_ID", "PARENT_NAME", "IS_EFFECTIVE", "IS_DELETED") VALUES ('22', '游远航大厉害', '22', '游远航', '0', '0');
INSERT INTO "SECONDARY_CLASSIFICATION" ("ID", "NAME", "PARENT_ID", "PARENT_NAME", "IS_EFFECTIVE", "IS_DELETED") VALUES ('42', '吴卓宇大聪明', '44', '吴卓宇', '0', '0');
INSERT INTO "SECONDARY_CLASSIFICATION" ("ID", "NAME", "PARENT_ID", "PARENT_NAME", "IS_EFFECTIVE", "IS_DELETED") VALUES ('44', 'wzyDCM', '44', '吴卓宇', '1', '0');
INSERT INTO "SECONDARY_CLASSIFICATION" ("ID", "NAME", "PARENT_ID", "PARENT_NAME", "IS_EFFECTIVE", "IS_DELETED") VALUES ('46', '人类', '48', '动物', '0', '0');
INSERT INTO "SECONDARY_CLASSIFICATION" ("ID", "NAME", "PARENT_ID", "PARENT_NAME", "IS_EFFECTIVE", "IS_DELETED") VALUES ('82', '华为', '82', '手机1', '1', '0');
INSERT INTO "SECONDARY_CLASSIFICATION" ("ID", "NAME", "PARENT_ID", "PARENT_NAME", "IS_EFFECTIVE", "IS_DELETED") VALUES ('4', '小米', '7', '手机', '1', '0');
INSERT INTO "SECONDARY_CLASSIFICATION" ("ID", "NAME", "PARENT_ID", "PARENT_NAME", "IS_EFFECTIVE", "IS_DELETED") VALUES ('6', 'VIVO', '7', '手机', '1', '0');
INSERT INTO "SECONDARY_CLASSIFICATION" ("ID", "NAME", "PARENT_ID", "PARENT_NAME", "IS_EFFECTIVE", "IS_DELETED") VALUES ('8', 'OPPO', '7', '手机', '1', '0');
COMMIT;
COMMIT;

-- ----------------------------
-- Table structure for SHOPPING_CART
-- ----------------------------
DROP TABLE "SHOPPING_CART";
CREATE TABLE "SHOPPING_CART" (
  "ID" NUMBER(11,0) VISIBLE NOT NULL,
  "SKU_ID" NUMBER(11,0) VISIBLE,
  "USER_ID" NUMBER(11,0) VISIBLE,
  "IS_SELECTED" NVARCHAR2(255) VISIBLE,
  "COUNT" NUMBER(11,0) VISIBLE,
  "CREATE_TIME" DATE VISIBLE,
  "UPDATE_TIME" DATE VISIBLE,
  "IS_DELETED" NVARCHAR2(255) VISIBLE
)
LOGGING
NOCOMPRESS
PCTFREE 10
INITRANS 1
STORAGE (
  INITIAL 65536 
  NEXT 1048576 
  MINEXTENTS 1
  MAXEXTENTS 2147483645
  BUFFER_POOL DEFAULT
)
PARALLEL 1
NOCACHE
DISABLE ROW MOVEMENT
;
COMMENT ON COLUMN "SHOPPING_CART"."ID" IS '主键';
COMMENT ON COLUMN "SHOPPING_CART"."SKU_ID" IS 'sku_id';
COMMENT ON COLUMN "SHOPPING_CART"."USER_ID" IS '用户id';
COMMENT ON COLUMN "SHOPPING_CART"."IS_SELECTED" IS '是否选中';
COMMENT ON COLUMN "SHOPPING_CART"."COUNT" IS '数量';
COMMENT ON COLUMN "SHOPPING_CART"."CREATE_TIME" IS '创建时间';
COMMENT ON COLUMN "SHOPPING_CART"."UPDATE_TIME" IS '更新时间';
COMMENT ON COLUMN "SHOPPING_CART"."IS_DELETED" IS '是否删除（1删除0未删除）';

-- ----------------------------
-- Records of SHOPPING_CART
-- ----------------------------
INSERT INTO "SHOPPING_CART" ("ID", "SKU_ID", "USER_ID", "IS_SELECTED", "COUNT", "CREATE_TIME", "UPDATE_TIME", "IS_DELETED") VALUES ('1', '19', '1', '0', '1', NULL, TO_DATE('2024-09-07 21:22:23', 'SYYYY-MM-DD HH24:MI:SS'), NULL);
INSERT INTO "SHOPPING_CART" ("ID", "SKU_ID", "USER_ID", "IS_SELECTED", "COUNT", "CREATE_TIME", "UPDATE_TIME", "IS_DELETED") VALUES ('2', '20', '1', '1', '1', NULL, TO_DATE('2024-09-07 21:22:24', 'SYYYY-MM-DD HH24:MI:SS'), NULL);
INSERT INTO "SHOPPING_CART" ("ID", "SKU_ID", "USER_ID", "IS_SELECTED", "COUNT", "CREATE_TIME", "UPDATE_TIME", "IS_DELETED") VALUES ('3', '21', '1', '0', '1', NULL, TO_DATE('2024-06-04 14:22:27', 'SYYYY-MM-DD HH24:MI:SS'), NULL);
INSERT INTO "SHOPPING_CART" ("ID", "SKU_ID", "USER_ID", "IS_SELECTED", "COUNT", "CREATE_TIME", "UPDATE_TIME", "IS_DELETED") VALUES ('13', '42', '1', '0', '1', TO_DATE('2024-06-04 14:22:19', 'SYYYY-MM-DD HH24:MI:SS'), TO_DATE('2024-06-28 21:09:21', 'SYYYY-MM-DD HH24:MI:SS'), '0');
INSERT INTO "SHOPPING_CART" ("ID", "SKU_ID", "USER_ID", "IS_SELECTED", "COUNT", "CREATE_TIME", "UPDATE_TIME", "IS_DELETED") VALUES ('22', '61', '1', '0', '1', TO_DATE('2024-06-28 21:09:15', 'SYYYY-MM-DD HH24:MI:SS'), TO_DATE('2024-06-28 22:43:01', 'SYYYY-MM-DD HH24:MI:SS'), '0');
INSERT INTO "SHOPPING_CART" ("ID", "SKU_ID", "USER_ID", "IS_SELECTED", "COUNT", "CREATE_TIME", "UPDATE_TIME", "IS_DELETED") VALUES ('62', '81', '1', '0', '1', TO_DATE('2024-09-07 15:57:36', 'SYYYY-MM-DD HH24:MI:SS'), TO_DATE('2024-09-07 21:22:21', 'SYYYY-MM-DD HH24:MI:SS'), '0');
INSERT INTO "SHOPPING_CART" ("ID", "SKU_ID", "USER_ID", "IS_SELECTED", "COUNT", "CREATE_TIME", "UPDATE_TIME", "IS_DELETED") VALUES ('10', '42', '1', '0', '1', NULL, TO_DATE('2024-06-28 21:09:21', 'SYYYY-MM-DD HH24:MI:SS'), '0');
INSERT INTO "SHOPPING_CART" ("ID", "SKU_ID", "USER_ID", "IS_SELECTED", "COUNT", "CREATE_TIME", "UPDATE_TIME", "IS_DELETED") VALUES ('48', '64', '1', '0', '1', TO_DATE('2024-06-28 23:14:19', 'SYYYY-MM-DD HH24:MI:SS'), TO_DATE('2024-06-28 23:17:45', 'SYYYY-MM-DD HH24:MI:SS'), '0');
INSERT INTO "SHOPPING_CART" ("ID", "SKU_ID", "USER_ID", "IS_SELECTED", "COUNT", "CREATE_TIME", "UPDATE_TIME", "IS_DELETED") VALUES ('50', '65', '1', '0', '1', TO_DATE('2024-06-28 23:14:34', 'SYYYY-MM-DD HH24:MI:SS'), TO_DATE('2024-06-28 23:17:45', 'SYYYY-MM-DD HH24:MI:SS'), '0');
COMMIT;
COMMIT;

-- ----------------------------
-- Table structure for SHOPPING_CART_VIEW
-- ----------------------------
DROP TABLE "SHOPPING_CART_VIEW";
CREATE TABLE "SHOPPING_CART_VIEW" (
  "ID" NUMBER(11,0) VISIBLE NOT NULL,
  "SKU_ID" NUMBER(11,0) VISIBLE,
  "SPU_ID" NUMBER(11,0) VISIBLE,
  "SKU_NAME" NVARCHAR2(255) VISIBLE,
  "USER_ID" NUMBER(11,0) VISIBLE,
  "IS_SELECTED" NVARCHAR2(255) VISIBLE,
  "COUNT" NUMBER(11,0) VISIBLE,
  "DISCOUNT" NUMBER VISIBLE,
  "OLD_PRICE" NUMBER VISIBLE,
  "PRICE" NUMBER VISIBLE,
  "SKU_VALUE" NVARCHAR2(255) VISIBLE,
  "IS_EFFECTIVE" NVARCHAR2(255) VISIBLE,
  "SKU_STORE_COUNT" NVARCHAR2(255) VISIBLE,
  "IS_COLLECTED" NVARCHAR2(255) VISIBLE
)
LOGGING
NOCOMPRESS
PCTFREE 10
INITRANS 1
STORAGE (
  BUFFER_POOL DEFAULT
)
PARALLEL 1
NOCACHE
DISABLE ROW MOVEMENT
;
COMMENT ON COLUMN "SHOPPING_CART_VIEW"."ID" IS '主键
';
COMMENT ON COLUMN "SHOPPING_CART_VIEW"."SKU_ID" IS 'skuid
';
COMMENT ON COLUMN "SHOPPING_CART_VIEW"."SPU_ID" IS 'spuid
';
COMMENT ON COLUMN "SHOPPING_CART_VIEW"."SKU_NAME" IS '商品名称
';
COMMENT ON COLUMN "SHOPPING_CART_VIEW"."USER_ID" IS '用户id
';
COMMENT ON COLUMN "SHOPPING_CART_VIEW"."IS_SELECTED" IS '是否选中
';
COMMENT ON COLUMN "SHOPPING_CART_VIEW"."COUNT" IS '数量
';
COMMENT ON COLUMN "SHOPPING_CART_VIEW"."DISCOUNT" IS '折扣(比例)
';
COMMENT ON COLUMN "SHOPPING_CART_VIEW"."OLD_PRICE" IS '原价
';
COMMENT ON COLUMN "SHOPPING_CART_VIEW"."PRICE" IS '具体价格
';
COMMENT ON COLUMN "SHOPPING_CART_VIEW"."SKU_VALUE" IS '具体属性值（字符数组）
';
COMMENT ON COLUMN "SHOPPING_CART_VIEW"."IS_EFFECTIVE" IS '是否有效（1有效0无效）
';
COMMENT ON COLUMN "SHOPPING_CART_VIEW"."SKU_STORE_COUNT" IS 'sku库存
';
COMMENT ON COLUMN "SHOPPING_CART_VIEW"."IS_COLLECTED" IS '是否收藏
';

-- ----------------------------
-- Records of SHOPPING_CART_VIEW
-- ----------------------------
COMMIT;
COMMIT;

-- ----------------------------
-- Table structure for SHOP_STATUS
-- ----------------------------
DROP TABLE "SHOP_STATUS";
CREATE TABLE "SHOP_STATUS" (
  "STATUS" NVARCHAR2(255) VISIBLE
)
LOGGING
NOCOMPRESS
PCTFREE 10
INITRANS 1
STORAGE (
  BUFFER_POOL DEFAULT
)
PARALLEL 1
NOCACHE
DISABLE ROW MOVEMENT
;
COMMENT ON COLUMN "SHOP_STATUS"."STATUS" IS '商店营业状态';

-- ----------------------------
-- Records of SHOP_STATUS
-- ----------------------------
COMMIT;
COMMIT;

-- ----------------------------
-- Table structure for SKU
-- ----------------------------
DROP TABLE "SKU";
CREATE TABLE "SKU" (
  "ID" NUMBER(11,0) VISIBLE NOT NULL,
  "SKU_NAME" NVARCHAR2(255) VISIBLE,
  "SPU_ID" NUMBER(11,0) VISIBLE,
  "PRICE" NUMBER VISIBLE,
  "OLD_PRICE" NUMBER VISIBLE,
  "STORE_COUNT" NUMBER(11,0) VISIBLE,
  "PICTURE" NVARCHAR2(255) VISIBLE,
  "IS_EFFECTIVE" NVARCHAR2(255) VISIBLE,
  "CREATE_TIME" DATE VISIBLE,
  "UPDATE_TIME" DATE VISIBLE,
  "IS_DELETED" NVARCHAR2(255) VISIBLE
)
LOGGING
NOCOMPRESS
PCTFREE 10
INITRANS 1
STORAGE (
  INITIAL 65536 
  NEXT 1048576 
  MINEXTENTS 1
  MAXEXTENTS 2147483645
  BUFFER_POOL DEFAULT
)
PARALLEL 1
NOCACHE
DISABLE ROW MOVEMENT
;
COMMENT ON COLUMN "SKU"."ID" IS '主键
';
COMMENT ON COLUMN "SKU"."SKU_NAME" IS 'sku名字
';
COMMENT ON COLUMN "SKU"."SPU_ID" IS 'skuid
';
COMMENT ON COLUMN "SKU"."PRICE" IS '具体价格
';
COMMENT ON COLUMN "SKU"."OLD_PRICE" IS '原价
';
COMMENT ON COLUMN "SKU"."STORE_COUNT" IS '库存
';
COMMENT ON COLUMN "SKU"."PICTURE" IS '图片
';
COMMENT ON COLUMN "SKU"."IS_EFFECTIVE" IS '是否有效（1有效0无效）
';
COMMENT ON COLUMN "SKU"."CREATE_TIME" IS '创建时间
';
COMMENT ON COLUMN "SKU"."UPDATE_TIME" IS '更新时间
';
COMMENT ON COLUMN "SKU"."IS_DELETED" IS '是否删除（1删除0未删除）
';

-- ----------------------------
-- Records of SKU
-- ----------------------------
INSERT INTO "SKU" ("ID", "SKU_NAME", "SPU_ID", "PRICE", "OLD_PRICE", "STORE_COUNT", "PICTURE", "IS_EFFECTIVE", "CREATE_TIME", "UPDATE_TIME", "IS_DELETED") VALUES ('83', '荔枝 桂味 大果5斤装', '61', '120', '120', '100', 'https://sky-take-out-yyh.oss-cn-beijing.aliyuncs.com/d0461ce9-eb22-4c94-aa58-f87f982a11a7.jpg', '1', TO_DATE('2024-07-02 17:25:56', 'SYYYY-MM-DD HH24:MI:SS'), TO_DATE('2024-07-02 17:25:56', 'SYYYY-MM-DD HH24:MI:SS'), '0');
INSERT INTO "SKU" ("ID", "SKU_NAME", "SPU_ID", "PRICE", "OLD_PRICE", "STORE_COUNT", "PICTURE", "IS_EFFECTIVE", "CREATE_TIME", "UPDATE_TIME", "IS_DELETED") VALUES ('81', '桂味 荔枝 大果10斤装', '61', '199', '199', '100', 'https://sky-take-out-yyh.oss-cn-beijing.aliyuncs.com/f85d1d2b-8d4c-4811-bc4f-aa232644cd40.jpg', '0', TO_DATE('2024-07-02 17:24:37', 'SYYYY-MM-DD HH24:MI:SS'), TO_DATE('2024-07-02 17:24:37', 'SYYYY-MM-DD HH24:MI:SS'), '0');
INSERT INTO "SKU" ("ID", "SKU_NAME", "SPU_ID", "PRICE", "OLD_PRICE", "STORE_COUNT", "PICTURE", "IS_EFFECTIVE", "CREATE_TIME", "UPDATE_TIME", "IS_DELETED") VALUES ('82', '荔枝 桂味 中果五斤装', '61', '70', '70', '100', 'https://sky-take-out-yyh.oss-cn-beijing.aliyuncs.com/03a01fd1-7218-4d39-ab73-1283835c63f7.jpg', '1', TO_DATE('2024-07-02 17:25:22', 'SYYYY-MM-DD HH24:MI:SS'), TO_DATE('2024-07-02 17:25:22', 'SYYYY-MM-DD HH24:MI:SS'), '0');
INSERT INTO "SKU" ("ID", "SKU_NAME", "SPU_ID", "PRICE", "OLD_PRICE", "STORE_COUNT", "PICTURE", "IS_EFFECTIVE", "CREATE_TIME", "UPDATE_TIME", "IS_DELETED") VALUES ('84', '香蕉 小米蕉 中果10斤', '62', '30', '30', '100', 'https://sky-take-out-yyh.oss-cn-beijing.aliyuncs.com/8c78f26b-c237-40b6-95ae-a600d083ce8f.jpg', '1', TO_DATE('2024-07-02 17:35:15', 'SYYYY-MM-DD HH24:MI:SS'), TO_DATE('2024-07-02 17:35:15', 'SYYYY-MM-DD HH24:MI:SS'), '0');
INSERT INTO "SKU" ("ID", "SKU_NAME", "SPU_ID", "PRICE", "OLD_PRICE", "STORE_COUNT", "PICTURE", "IS_EFFECTIVE", "CREATE_TIME", "UPDATE_TIME", "IS_DELETED") VALUES ('85', '香蕉小米蕉 大果10斤', '62', '40', '40', '100', 'https://sky-take-out-yyh.oss-cn-beijing.aliyuncs.com/69d8035c-dd98-4af1-a746-03a7fd7eecbc.jpg', '1', TO_DATE('2024-07-02 17:35:52', 'SYYYY-MM-DD HH24:MI:SS'), TO_DATE('2024-07-02 17:35:52', 'SYYYY-MM-DD HH24:MI:SS'), '0');
INSERT INTO "SKU" ("ID", "SKU_NAME", "SPU_ID", "PRICE", "OLD_PRICE", "STORE_COUNT", "PICTURE", "IS_EFFECTIVE", "CREATE_TIME", "UPDATE_TIME", "IS_DELETED") VALUES ('19', '红米10 Plus', '5', '1999', '1999', '100', 'https://sky-take-out-yyh.oss-cn-beijing.aliyuncs.com/f7922ab5-2902-4167-a33c-dda115ac3307.jpg', '1', TO_DATE('2024-06-03 21:40:15', 'SYYYY-MM-DD HH24:MI:SS'), TO_DATE('2024-06-03 21:40:15', 'SYYYY-MM-DD HH24:MI:SS'), '0');
INSERT INTO "SKU" ("ID", "SKU_NAME", "SPU_ID", "PRICE", "OLD_PRICE", "STORE_COUNT", "PICTURE", "IS_EFFECTIVE", "CREATE_TIME", "UPDATE_TIME", "IS_DELETED") VALUES ('20', '红米10 utral', '5', '1999', '1999', '100', 'https://sky-take-out-yyh.oss-cn-beijing.aliyuncs.com/06a766f5-4489-494d-93c3-b0e70005da3e.jpg', '1', TO_DATE('2024-06-03 21:46:34', 'SYYYY-MM-DD HH24:MI:SS'), TO_DATE('2024-06-03 21:46:34', 'SYYYY-MM-DD HH24:MI:SS'), '0');
INSERT INTO "SKU" ("ID", "SKU_NAME", "SPU_ID", "PRICE", "OLD_PRICE", "STORE_COUNT", "PICTURE", "IS_EFFECTIVE", "CREATE_TIME", "UPDATE_TIME", "IS_DELETED") VALUES ('41', '游远航10号机BASE', '27', '999', '999', '10', 'https://sky-take-out-yyh.oss-cn-beijing.aliyuncs.com/a666aa9d-f7c8-4d76-9736-b7c3c7e6df94.jpg', '1', TO_DATE('2024-06-04 09:21:53', 'SYYYY-MM-DD HH24:MI:SS'), TO_DATE('2024-06-04 09:21:53', 'SYYYY-MM-DD HH24:MI:SS'), '0');
INSERT INTO "SKU" ("ID", "SKU_NAME", "SPU_ID", "PRICE", "OLD_PRICE", "STORE_COUNT", "PICTURE", "IS_EFFECTIVE", "CREATE_TIME", "UPDATE_TIME", "IS_DELETED") VALUES ('42', '游远航10号机Plus', '27', '1999', '1999', '10', 'https://sky-take-out-yyh.oss-cn-beijing.aliyuncs.com/d6d3a15d-33b6-4ff6-8f8c-09e57ad3ec99.jpeg', '1', TO_DATE('2024-06-04 09:22:22', 'SYYYY-MM-DD HH24:MI:SS'), TO_DATE('2024-06-04 09:22:22', 'SYYYY-MM-DD HH24:MI:SS'), '0');
INSERT INTO "SKU" ("ID", "SKU_NAME", "SPU_ID", "PRICE", "OLD_PRICE", "STORE_COUNT", "PICTURE", "IS_EFFECTIVE", "CREATE_TIME", "UPDATE_TIME", "IS_DELETED") VALUES ('61', '吴卓宇一号机 Plus', '41', '19999', '19999', '10', 'https://sky-take-out-yyh.oss-cn-beijing.aliyuncs.com/7dd4edae-f6a2-4a7e-a0b6-c3aed532adc4.jpg', '1', TO_DATE('2024-06-28 21:07:54', 'SYYYY-MM-DD HH24:MI:SS'), TO_DATE('2024-06-28 21:07:54', 'SYYYY-MM-DD HH24:MI:SS'), '0');
INSERT INTO "SKU" ("ID", "SKU_NAME", "SPU_ID", "PRICE", "OLD_PRICE", "STORE_COUNT", "PICTURE", "IS_EFFECTIVE", "CREATE_TIME", "UPDATE_TIME", "IS_DELETED") VALUES ('62', '吴卓宇一号机 Base', '41', '100', '100', '19', 'https://sky-take-out-yyh.oss-cn-beijing.aliyuncs.com/81b042b2-a20b-45fa-9a80-93f81f76cbb7.jpg', '1', TO_DATE('2024-06-28 21:08:29', 'SYYYY-MM-DD HH24:MI:SS'), TO_DATE('2024-06-28 21:08:29', 'SYYYY-MM-DD HH24:MI:SS'), '0');
INSERT INTO "SKU" ("ID", "SKU_NAME", "SPU_ID", "PRICE", "OLD_PRICE", "STORE_COUNT", "PICTURE", "IS_EFFECTIVE", "CREATE_TIME", "UPDATE_TIME", "IS_DELETED") VALUES ('64', 'wzy Base', '43', '199', '199', '10', 'https://sky-take-out-yyh.oss-cn-beijing.aliyuncs.com/8b1a4867-6859-49b3-a3df-02c5583eaea7.jpg', '1', TO_DATE('2024-06-28 22:19:44', 'SYYYY-MM-DD HH24:MI:SS'), TO_DATE('2024-06-28 22:19:44', 'SYYYY-MM-DD HH24:MI:SS'), '0');
INSERT INTO "SKU" ("ID", "SKU_NAME", "SPU_ID", "PRICE", "OLD_PRICE", "STORE_COUNT", "PICTURE", "IS_EFFECTIVE", "CREATE_TIME", "UPDATE_TIME", "IS_DELETED") VALUES ('65', 'wzy Plus', '43', '1999', '1999', '10', 'https://sky-take-out-yyh.oss-cn-beijing.aliyuncs.com/7c242013-ed59-4681-bcbb-b23d9181dd30.jpg', '1', TO_DATE('2024-06-28 22:20:05', 'SYYYY-MM-DD HH24:MI:SS'), TO_DATE('2024-06-28 22:20:05', 'SYYYY-MM-DD HH24:MI:SS'), '0');
INSERT INTO "SKU" ("ID", "SKU_NAME", "SPU_ID", "PRICE", "OLD_PRICE", "STORE_COUNT", "PICTURE", "IS_EFFECTIVE", "CREATE_TIME", "UPDATE_TIME", "IS_DELETED") VALUES ('104', '华为mate40 pro', '81', '1500', '1500', '100', 'https://sky-take-out-yyh.oss-cn-beijing.aliyuncs.com/b1e62504-9669-4847-b8e7-0b5668d3eadd.jpg', '1', TO_DATE('2024-09-07 16:07:04', 'SYYYY-MM-DD HH24:MI:SS'), TO_DATE('2024-09-07 16:07:04', 'SYYYY-MM-DD HH24:MI:SS'), '0');
INSERT INTO "SKU" ("ID", "SKU_NAME", "SPU_ID", "PRICE", "OLD_PRICE", "STORE_COUNT", "PICTURE", "IS_EFFECTIVE", "CREATE_TIME", "UPDATE_TIME", "IS_DELETED") VALUES ('102', 'aaa', '61', '10', '10', '1000', 'https://sky-take-out-yyh.oss-cn-beijing.aliyuncs.com/54c26b16-9a57-4f42-a719-fce82522d886.jpg', '1', TO_DATE('2024-09-07 15:49:49', 'SYYYY-MM-DD HH24:MI:SS'), TO_DATE('2024-09-07 15:49:49', 'SYYYY-MM-DD HH24:MI:SS'), '0');
INSERT INTO "SKU" ("ID", "SKU_NAME", "SPU_ID", "PRICE", "OLD_PRICE", "STORE_COUNT", "PICTURE", "IS_EFFECTIVE", "CREATE_TIME", "UPDATE_TIME", "IS_DELETED") VALUES ('103', '华为mate40 base', '81', '100', '1000', '100', 'https://sky-take-out-yyh.oss-cn-beijing.aliyuncs.com/ace7f920-16de-4b68-979c-be8b3ff9863f.jpeg', '1', TO_DATE('2024-09-07 16:06:39', 'SYYYY-MM-DD HH24:MI:SS'), TO_DATE('2024-09-07 16:06:39', 'SYYYY-MM-DD HH24:MI:SS'), '0');
INSERT INTO "SKU" ("ID", "SKU_NAME", "SPU_ID", "PRICE", "OLD_PRICE", "STORE_COUNT", "PICTURE", "IS_EFFECTIVE", "CREATE_TIME", "UPDATE_TIME", "IS_DELETED") VALUES ('105', '华为mate40 utla', '81', '2000', '2000', '100', 'https://sky-take-out-yyh.oss-cn-beijing.aliyuncs.com/6d5fbe87-b40f-4516-ace5-92372d9759ff.jpg', '1', TO_DATE('2024-09-07 16:07:40', 'SYYYY-MM-DD HH24:MI:SS'), TO_DATE('2024-09-07 16:07:40', 'SYYYY-MM-DD HH24:MI:SS'), '0');
INSERT INTO "SKU" ("ID", "SKU_NAME", "SPU_ID", "PRICE", "OLD_PRICE", "STORE_COUNT", "PICTURE", "IS_EFFECTIVE", "CREATE_TIME", "UPDATE_TIME", "IS_DELETED") VALUES ('21', '红米10Plus PLus', '5', '1999', '1999', '100', 'https://sky-take-out-yyh.oss-cn-beijing.aliyuncs.com/7f4021f6-b92b-4480-a01c-d42f27680001.jpg', '1', TO_DATE('2024-06-03 21:48:06', 'SYYYY-MM-DD HH24:MI:SS'), TO_DATE('2024-06-03 21:48:06', 'SYYYY-MM-DD HH24:MI:SS'), '0');
COMMIT;
COMMIT;

-- ----------------------------
-- Table structure for SKU_ATTRI
-- ----------------------------
DROP TABLE "SKU_ATTRI";
CREATE TABLE "SKU_ATTRI" (
  "ID" NUMBER(11,0) VISIBLE NOT NULL,
  "SKU_ID" NUMBER(11,0) VISIBLE,
  "ARRI_ID" NUMBER(11,0) VISIBLE
)
LOGGING
NOCOMPRESS
PCTFREE 10
INITRANS 1
STORAGE (
  INITIAL 65536 
  NEXT 1048576 
  MINEXTENTS 1
  MAXEXTENTS 2147483645
  BUFFER_POOL DEFAULT
)
PARALLEL 1
NOCACHE
DISABLE ROW MOVEMENT
;
COMMENT ON COLUMN "SKU_ATTRI"."ID" IS '主键
';
COMMENT ON COLUMN "SKU_ATTRI"."SKU_ID" IS 'skuid
';
COMMENT ON COLUMN "SKU_ATTRI"."ARRI_ID" IS '属性id
';

-- ----------------------------
-- Records of SKU_ATTRI
-- ----------------------------
INSERT INTO "SKU_ATTRI" ("ID", "SKU_ID", "ARRI_ID") VALUES ('62', '81', '84');
INSERT INTO "SKU_ATTRI" ("ID", "SKU_ID", "ARRI_ID") VALUES ('63', '82', '82');
INSERT INTO "SKU_ATTRI" ("ID", "SKU_ID", "ARRI_ID") VALUES ('61', '81', '81');
INSERT INTO "SKU_ATTRI" ("ID", "SKU_ID", "ARRI_ID") VALUES ('64', '82', '83');
INSERT INTO "SKU_ATTRI" ("ID", "SKU_ID", "ARRI_ID") VALUES ('65', '83', '81');
INSERT INTO "SKU_ATTRI" ("ID", "SKU_ID", "ARRI_ID") VALUES ('66', '83', '83');
INSERT INTO "SKU_ATTRI" ("ID", "SKU_ID", "ARRI_ID") VALUES ('67', '84', '86');
INSERT INTO "SKU_ATTRI" ("ID", "SKU_ID", "ARRI_ID") VALUES ('68', '84', '90');
INSERT INTO "SKU_ATTRI" ("ID", "SKU_ID", "ARRI_ID") VALUES ('69', '85', '85');
INSERT INTO "SKU_ATTRI" ("ID", "SKU_ID", "ARRI_ID") VALUES ('70', '85', '90');
INSERT INTO "SKU_ATTRI" ("ID", "SKU_ID", "ARRI_ID") VALUES ('81', '101', '81');
INSERT INTO "SKU_ATTRI" ("ID", "SKU_ID", "ARRI_ID") VALUES ('82', '101', '84');
INSERT INTO "SKU_ATTRI" ("ID", "SKU_ID", "ARRI_ID") VALUES ('83', '102', '81');
INSERT INTO "SKU_ATTRI" ("ID", "SKU_ID", "ARRI_ID") VALUES ('84', '102', '84');
INSERT INTO "SKU_ATTRI" ("ID", "SKU_ID", "ARRI_ID") VALUES ('85', '103', '101');
INSERT INTO "SKU_ATTRI" ("ID", "SKU_ID", "ARRI_ID") VALUES ('86', '103', '104');
INSERT INTO "SKU_ATTRI" ("ID", "SKU_ID", "ARRI_ID") VALUES ('87', '104', '102');
INSERT INTO "SKU_ATTRI" ("ID", "SKU_ID", "ARRI_ID") VALUES ('88', '104', '104');
INSERT INTO "SKU_ATTRI" ("ID", "SKU_ID", "ARRI_ID") VALUES ('89', '105', '102');
INSERT INTO "SKU_ATTRI" ("ID", "SKU_ID", "ARRI_ID") VALUES ('90', '105', '105');
INSERT INTO "SKU_ATTRI" ("ID", "SKU_ID", "ARRI_ID") VALUES ('14', '21', '8');
COMMIT;
COMMIT;

-- ----------------------------
-- Table structure for SPECIFICATION
-- ----------------------------
DROP TABLE "SPECIFICATION";
CREATE TABLE "SPECIFICATION" (
  "ID" NUMBER(11,0) VISIBLE NOT NULL,
  "SPU_ID" NUMBER(11,0) VISIBLE,
  "NAME" NVARCHAR2(255) VISIBLE,
  "VALUE" NVARCHAR2(255) VISIBLE,
  "IS_DELETED" NVARCHAR2(255) VISIBLE
)
LOGGING
NOCOMPRESS
PCTFREE 10
INITRANS 1
STORAGE (
  INITIAL 65536 
  NEXT 1048576 
  MINEXTENTS 1
  MAXEXTENTS 2147483645
  BUFFER_POOL DEFAULT
)
PARALLEL 1
NOCACHE
DISABLE ROW MOVEMENT
;
COMMENT ON COLUMN "SPECIFICATION"."ID" IS '主键
';
COMMENT ON COLUMN "SPECIFICATION"."SPU_ID" IS 'spuid
';
COMMENT ON COLUMN "SPECIFICATION"."NAME" IS '规格名称
';
COMMENT ON COLUMN "SPECIFICATION"."VALUE" IS '参数值
';
COMMENT ON COLUMN "SPECIFICATION"."IS_DELETED" IS '是否删除（1删除0未删除）默认是0
';

-- ----------------------------
-- Records of SPECIFICATION
-- ----------------------------
INSERT INTO "SPECIFICATION" ("ID", "SPU_ID", "NAME", "VALUE", "IS_DELETED") VALUES ('62', '61', '上市时间', ' 五月', '0');
INSERT INTO "SPECIFICATION" ("ID", "SPU_ID", "NAME", "VALUE", "IS_DELETED") VALUES ('63', '62', '产地', ' 广东茂名', '0');
INSERT INTO "SPECIFICATION" ("ID", "SPU_ID", "NAME", "VALUE", "IS_DELETED") VALUES ('61', '61', '产地', ' 广东茂名', '0');
INSERT INTO "SPECIFICATION" ("ID", "SPU_ID", "NAME", "VALUE", "IS_DELETED") VALUES ('64', '62', '成熟时间', ' 一年四季', '0');
INSERT INTO "SPECIFICATION" ("ID", "SPU_ID", "NAME", "VALUE", "IS_DELETED") VALUES ('65', '63', '产地', ' 广东茂名', '0');
INSERT INTO "SPECIFICATION" ("ID", "SPU_ID", "NAME", "VALUE", "IS_DELETED") VALUES ('66', '63', '上市时间', ' 七月', '0');
INSERT INTO "SPECIFICATION" ("ID", "SPU_ID", "NAME", "VALUE", "IS_DELETED") VALUES ('67', '64', '产地', ' 海南', '0');
INSERT INTO "SPECIFICATION" ("ID", "SPU_ID", "NAME", "VALUE", "IS_DELETED") VALUES ('68', '65', '产地', ' 广东茂名', '0');
INSERT INTO "SPECIFICATION" ("ID", "SPU_ID", "NAME", "VALUE", "IS_DELETED") VALUES ('81', '81', '摄像头个数', ' 8个', '0');
INSERT INTO "SPECIFICATION" ("ID", "SPU_ID", "NAME", "VALUE", "IS_DELETED") VALUES ('82', '81', '手机后盖材质', '玻璃', '0');
COMMIT;
COMMIT;

-- ----------------------------
-- Table structure for SPU
-- ----------------------------
DROP TABLE "SPU";
CREATE TABLE "SPU" (
  "ID" NUMBER(11,0) VISIBLE NOT NULL,
  "SPU_NAME" NVARCHAR2(255) VISIBLE,
  "PRICE" NUMBER VISIBLE,
  "DISCOUNT" NUMBER VISIBLE,
  "STORE_COUNT" NUMBER(11,0) VISIBLE,
  "SALES_COUNT" NUMBER(11,0) VISIBLE,
  "PICTURE" NVARCHAR2(255) VISIBLE,
  "DESCRIPTION" NVARCHAR2(255) VISIBLE,
  "IS_EFFECTIVE" NVARCHAR2(255) VISIBLE,
  "CREATE_TIME" DATE VISIBLE,
  "UPDATE_TIME" DATE VISIBLE,
  "IS_DELETED" NVARCHAR2(255) VISIBLE,
  "CATEGORY2_ID" NUMBER(11,0) VISIBLE
)
LOGGING
NOCOMPRESS
PCTFREE 10
INITRANS 1
STORAGE (
  INITIAL 65536 
  NEXT 1048576 
  MINEXTENTS 1
  MAXEXTENTS 2147483645
  BUFFER_POOL DEFAULT
)
PARALLEL 1
NOCACHE
DISABLE ROW MOVEMENT
;
COMMENT ON COLUMN "SPU"."ID" IS '主键
';
COMMENT ON COLUMN "SPU"."SPU_NAME" IS 'spu名称
';
COMMENT ON COLUMN "SPU"."PRICE" IS '原价
';
COMMENT ON COLUMN "SPU"."DISCOUNT" IS '折扣（比例）
';
COMMENT ON COLUMN "SPU"."STORE_COUNT" IS '库存
';
COMMENT ON COLUMN "SPU"."SALES_COUNT" IS '销量 默认为0 
';
COMMENT ON COLUMN "SPU"."PICTURE" IS '图片集合待定？
';
COMMENT ON COLUMN "SPU"."DESCRIPTION" IS '商品详情描述
';
COMMENT ON COLUMN "SPU"."IS_EFFECTIVE" IS '是否有效（1有效0无效）默认是有效
';
COMMENT ON COLUMN "SPU"."CREATE_TIME" IS '创建时间
';
COMMENT ON COLUMN "SPU"."UPDATE_TIME" IS '更新时间
';
COMMENT ON COLUMN "SPU"."IS_DELETED" IS '是否删除（1删除0未删除）
';
COMMENT ON COLUMN "SPU"."CATEGORY2_ID" IS '二级分类id';

-- ----------------------------
-- Records of SPU
-- ----------------------------
INSERT INTO "SPU" ("ID", "SPU_NAME", "PRICE", "DISCOUNT", "STORE_COUNT", "SALES_COUNT", "PICTURE", "DESCRIPTION", "IS_EFFECTIVE", "CREATE_TIME", "UPDATE_TIME", "IS_DELETED", "CATEGORY2_ID") VALUES ('42', 'wzyDCM Base', '1', '0.1', '1', '0', NULL, '是的', '1', TO_DATE('2024-06-28 22:01:17', 'SYYYY-MM-DD HH24:MI:SS'), TO_DATE('2024-06-28 22:01:17', 'SYYYY-MM-DD HH24:MI:SS'), '0', '44');
INSERT INTO "SPU" ("ID", "SPU_NAME", "PRICE", "DISCOUNT", "STORE_COUNT", "SALES_COUNT", "PICTURE", "DESCRIPTION", "IS_EFFECTIVE", "CREATE_TIME", "UPDATE_TIME", "IS_DELETED", "CATEGORY2_ID") VALUES ('61', '桂味 荔枝', '29.9', '1', '1000', '0', NULL, '果实肉色雪白、肉质爽脆细嫩，清甜多汁、有桂花香气，可食率78-83%，品质较佳。较耐贮藏、加工性能好，是鲜食和制罐的良种', '1', TO_DATE('2024-07-02 17:22:59', 'SYYYY-MM-DD HH24:MI:SS'), TO_DATE('2024-07-02 17:22:59', 'SYYYY-MM-DD HH24:MI:SS'), '0', '62');
INSERT INTO "SPU" ("ID", "SPU_NAME", "PRICE", "DISCOUNT", "STORE_COUNT", "SALES_COUNT", "PICTURE", "DESCRIPTION", "IS_EFFECTIVE", "CREATE_TIME", "UPDATE_TIME", "IS_DELETED", "CATEGORY2_ID") VALUES ('62', '香蕉 小米蕉', '5', '1', '1000', '0', NULL, '小米蕉果肉芳香，蕉皮有青绿色和鹅黄色的， 剥掉蕉皮，肉质呈鹅黄色，酸甜可口，芬芳扑鼻。著名的品种有高把蕉、矮把蕉、油蕉、西贡蕉、粉蕉、芽蕉、蛋蕉等。', '1', TO_DATE('2024-07-02 17:33:15', 'SYYYY-MM-DD HH24:MI:SS'), TO_DATE('2024-07-02 17:33:15', 'SYYYY-MM-DD HH24:MI:SS'), '0', '64');
INSERT INTO "SPU" ("ID", "SPU_NAME", "PRICE", "DISCOUNT", "STORE_COUNT", "SALES_COUNT", "PICTURE", "DESCRIPTION", "IS_EFFECTIVE", "CREATE_TIME", "UPDATE_TIME", "IS_DELETED", "CATEGORY2_ID") VALUES ('63', '三华李', '10', '1', '1000', '0', NULL, '三华李果型白里透红，闻之清雅芬芳，入口无涩且有蜜味，爽脆清甜满口香。 [1]果圆形或近圆形，单果重≥40克，果粉厚，果皮紫红色。具芳香味，质地爽脆，有蜜味', '1', TO_DATE('2024-07-02 17:41:58', 'SYYYY-MM-DD HH24:MI:SS'), TO_DATE('2024-07-02 17:41:58', 'SYYYY-MM-DD HH24:MI:SS'), '0', '66');
INSERT INTO "SPU" ("ID", "SPU_NAME", "PRICE", "DISCOUNT", "STORE_COUNT", "SALES_COUNT", "PICTURE", "DESCRIPTION", "IS_EFFECTIVE", "CREATE_TIME", "UPDATE_TIME", "IS_DELETED", "CATEGORY2_ID") VALUES ('64', '海南香蕉', '5', '1', '100', '0', NULL, '123', '1', TO_DATE('2024-07-02 17:43:14', 'SYYYY-MM-DD HH24:MI:SS'), TO_DATE('2024-07-02 17:43:14', 'SYYYY-MM-DD HH24:MI:SS'), '0', '64');
INSERT INTO "SPU" ("ID", "SPU_NAME", "PRICE", "DISCOUNT", "STORE_COUNT", "SALES_COUNT", "PICTURE", "DESCRIPTION", "IS_EFFECTIVE", "CREATE_TIME", "UPDATE_TIME", "IS_DELETED", "CATEGORY2_ID") VALUES ('65', '荔枝白糖罂', '20', '1', '100', '0', NULL, '1', '1', TO_DATE('2024-07-02 17:44:50', 'SYYYY-MM-DD HH24:MI:SS'), TO_DATE('2024-07-02 17:44:50', 'SYYYY-MM-DD HH24:MI:SS'), '0', '62');
INSERT INTO "SPU" ("ID", "SPU_NAME", "PRICE", "DISCOUNT", "STORE_COUNT", "SALES_COUNT", "PICTURE", "DESCRIPTION", "IS_EFFECTIVE", "CREATE_TIME", "UPDATE_TIME", "IS_DELETED", "CATEGORY2_ID") VALUES ('27', '游远航 10号机', '1', '0.1', '1', '0', NULL, '12313 太厉害啦', '1', TO_DATE('2024-06-04 09:14:26', 'SYYYY-MM-DD HH24:MI:SS'), TO_DATE('2024-06-04 09:14:26', 'SYYYY-MM-DD HH24:MI:SS'), '0', '22');
INSERT INTO "SPU" ("ID", "SPU_NAME", "PRICE", "DISCOUNT", "STORE_COUNT", "SALES_COUNT", "PICTURE", "DESCRIPTION", "IS_EFFECTIVE", "CREATE_TIME", "UPDATE_TIME", "IS_DELETED", "CATEGORY2_ID") VALUES ('41', '吴卓宇一号机', '1', '0.1', '1', '0', NULL, '厉害', '1', TO_DATE('2024-06-28 21:01:28', 'SYYYY-MM-DD HH24:MI:SS'), TO_DATE('2024-06-28 21:01:28', 'SYYYY-MM-DD HH24:MI:SS'), '0', '42');
INSERT INTO "SPU" ("ID", "SPU_NAME", "PRICE", "DISCOUNT", "STORE_COUNT", "SALES_COUNT", "PICTURE", "DESCRIPTION", "IS_EFFECTIVE", "CREATE_TIME", "UPDATE_TIME", "IS_DELETED", "CATEGORY2_ID") VALUES ('43', 'wzy', '1', '0.1', '1', '0', NULL, '第三方', '1', TO_DATE('2024-06-28 22:16:56', 'SYYYY-MM-DD HH24:MI:SS'), TO_DATE('2024-06-28 22:16:56', 'SYYYY-MM-DD HH24:MI:SS'), '0', '46');
INSERT INTO "SPU" ("ID", "SPU_NAME", "PRICE", "DISCOUNT", "STORE_COUNT", "SALES_COUNT", "PICTURE", "DESCRIPTION", "IS_EFFECTIVE", "CREATE_TIME", "UPDATE_TIME", "IS_DELETED", "CATEGORY2_ID") VALUES ('81', '华为mate40', '2222', '1', '100', '0', NULL, '是否是', '1', TO_DATE('2024-09-07 16:04:27', 'SYYYY-MM-DD HH24:MI:SS'), TO_DATE('2024-09-07 16:04:27', 'SYYYY-MM-DD HH24:MI:SS'), '0', '82');
INSERT INTO "SPU" ("ID", "SPU_NAME", "PRICE", "DISCOUNT", "STORE_COUNT", "SALES_COUNT", "PICTURE", "DESCRIPTION", "IS_EFFECTIVE", "CREATE_TIME", "UPDATE_TIME", "IS_DELETED", "CATEGORY2_ID") VALUES ('1', '1', NULL, NULL, NULL, NULL, NULL, NULL, NULL, NULL, NULL, NULL, NULL);
INSERT INTO "SPU" ("ID", "SPU_NAME", "PRICE", "DISCOUNT", "STORE_COUNT", "SALES_COUNT", "PICTURE", "DESCRIPTION", "IS_EFFECTIVE", "CREATE_TIME", "UPDATE_TIME", "IS_DELETED", "CATEGORY2_ID") VALUES ('5', '红米 10Plus', '1', '0.1', '1', '0', NULL, '121', '1', TO_DATE('2024-06-03 21:08:38', 'SYYYY-MM-DD HH24:MI:SS'), TO_DATE('2024-06-03 21:08:38', 'SYYYY-MM-DD HH24:MI:SS'), '0', '4');
INSERT INTO "SPU" ("ID", "SPU_NAME", "PRICE", "DISCOUNT", "STORE_COUNT", "SALES_COUNT", "PICTURE", "DESCRIPTION", "IS_EFFECTIVE", "CREATE_TIME", "UPDATE_TIME", "IS_DELETED", "CATEGORY2_ID") VALUES ('13', '红米9', '1', '0.1', '0', '0', NULL, '1', '1', TO_DATE('2024-06-03 21:23:08', 'SYYYY-MM-DD HH24:MI:SS'), TO_DATE('2024-06-03 21:23:08', 'SYYYY-MM-DD HH24:MI:SS'), '0', '4');
INSERT INTO "SPU" ("ID", "SPU_NAME", "PRICE", "DISCOUNT", "STORE_COUNT", "SALES_COUNT", "PICTURE", "DESCRIPTION", "IS_EFFECTIVE", "CREATE_TIME", "UPDATE_TIME", "IS_DELETED", "CATEGORY2_ID") VALUES ('22', '红米 999', '1', '0.1', '1', '0', NULL, '123', '1', TO_DATE('2024-06-03 22:22:16', 'SYYYY-MM-DD HH24:MI:SS'), TO_DATE('2024-06-03 22:22:16', 'SYYYY-MM-DD HH24:MI:SS'), '0', '4');
INSERT INTO "SPU" ("ID", "SPU_NAME", "PRICE", "DISCOUNT", "STORE_COUNT", "SALES_COUNT", "PICTURE", "DESCRIPTION", "IS_EFFECTIVE", "CREATE_TIME", "UPDATE_TIME", "IS_DELETED", "CATEGORY2_ID") VALUES ('21', '红米 999', '1', '0.1', '1', '0', NULL, '123', '1', TO_DATE('2024-06-03 22:22:10', 'SYYYY-MM-DD HH24:MI:SS'), TO_DATE('2024-06-03 22:22:10', 'SYYYY-MM-DD HH24:MI:SS'), '0', '4');
INSERT INTO "SPU" ("ID", "SPU_NAME", "PRICE", "DISCOUNT", "STORE_COUNT", "SALES_COUNT", "PICTURE", "DESCRIPTION", "IS_EFFECTIVE", "CREATE_TIME", "UPDATE_TIME", "IS_DELETED", "CATEGORY2_ID") VALUES ('23', '红米 999', '1', '0.1', '1', '0', NULL, '123', '1', TO_DATE('2024-06-03 22:22:54', 'SYYYY-MM-DD HH24:MI:SS'), TO_DATE('2024-06-03 22:22:54', 'SYYYY-MM-DD HH24:MI:SS'), '0', '4');
INSERT INTO "SPU" ("ID", "SPU_NAME", "PRICE", "DISCOUNT", "STORE_COUNT", "SALES_COUNT", "PICTURE", "DESCRIPTION", "IS_EFFECTIVE", "CREATE_TIME", "UPDATE_TIME", "IS_DELETED", "CATEGORY2_ID") VALUES ('24', '红米 999', '1', '0.1', '1', '0', NULL, '123', '1', TO_DATE('2024-06-03 22:24:38', 'SYYYY-MM-DD HH24:MI:SS'), TO_DATE('2024-06-03 22:24:38', 'SYYYY-MM-DD HH24:MI:SS'), '0', '4');
INSERT INTO "SPU" ("ID", "SPU_NAME", "PRICE", "DISCOUNT", "STORE_COUNT", "SALES_COUNT", "PICTURE", "DESCRIPTION", "IS_EFFECTIVE", "CREATE_TIME", "UPDATE_TIME", "IS_DELETED", "CATEGORY2_ID") VALUES ('25', '红米 999', '1', '0.1', '1', '0', NULL, '123', '1', TO_DATE('2024-06-03 22:26:11', 'SYYYY-MM-DD HH24:MI:SS'), TO_DATE('2024-06-03 22:26:11', 'SYYYY-MM-DD HH24:MI:SS'), '0', '4');
INSERT INTO "SPU" ("ID", "SPU_NAME", "PRICE", "DISCOUNT", "STORE_COUNT", "SALES_COUNT", "PICTURE", "DESCRIPTION", "IS_EFFECTIVE", "CREATE_TIME", "UPDATE_TIME", "IS_DELETED", "CATEGORY2_ID") VALUES ('26', '红米 999', '1', '0.1', '1', '0', NULL, '123', '1', TO_DATE('2024-06-03 22:27:24', 'SYYYY-MM-DD HH24:MI:SS'), TO_DATE('2024-06-03 22:27:24', 'SYYYY-MM-DD HH24:MI:SS'), '0', '4');
COMMIT;
COMMIT;

-- ----------------------------
-- Table structure for SPU_PICTURE
-- ----------------------------
DROP TABLE "SPU_PICTURE";
CREATE TABLE "SPU_PICTURE" (
  "ID" NUMBER(11,0) VISIBLE NOT NULL,
  "SPU_ID" NUMBER(11,0) VISIBLE,
  "PICTURE_URL" NVARCHAR2(255) VISIBLE NOT NULL
)
LOGGING
NOCOMPRESS
PCTFREE 10
INITRANS 1
STORAGE (
  INITIAL 65536 
  NEXT 1048576 
  MINEXTENTS 1
  MAXEXTENTS 2147483645
  BUFFER_POOL DEFAULT
)
PARALLEL 1
NOCACHE
DISABLE ROW MOVEMENT
;
COMMENT ON COLUMN "SPU_PICTURE"."ID" IS '主键';
COMMENT ON COLUMN "SPU_PICTURE"."SPU_ID" IS 'spu_id';
COMMENT ON COLUMN "SPU_PICTURE"."PICTURE_URL" IS '图片地址';

-- ----------------------------
-- Records of SPU_PICTURE
-- ----------------------------
INSERT INTO "SPU_PICTURE" ("ID", "SPU_ID", "PICTURE_URL") VALUES ('62', '61', 'https://sky-take-out-yyh.oss-cn-beijing.aliyuncs.com/28b91973-c56c-4449-b4c1-335314c493d5.jpg');
INSERT INTO "SPU_PICTURE" ("ID", "SPU_ID", "PICTURE_URL") VALUES ('61', '61', 'https://sky-take-out-yyh.oss-cn-beijing.aliyuncs.com/e899954d-1f7c-42f4-a041-765bf1da10a4.jpg');
INSERT INTO "SPU_PICTURE" ("ID", "SPU_ID", "PICTURE_URL") VALUES ('63', '61', 'https://sky-take-out-yyh.oss-cn-beijing.aliyuncs.com/5ab2eee0-a87a-4540-b891-14b9409e8c6f.jpg');
INSERT INTO "SPU_PICTURE" ("ID", "SPU_ID", "PICTURE_URL") VALUES ('64', '61', 'https://sky-take-out-yyh.oss-cn-beijing.aliyuncs.com/3a7d7cec-8d0b-4472-953f-90b51cf4eb5e.jpg');
INSERT INTO "SPU_PICTURE" ("ID", "SPU_ID", "PICTURE_URL") VALUES ('65', '62', 'https://sky-take-out-yyh.oss-cn-beijing.aliyuncs.com/334801e7-e3df-4bd9-9ffd-b84de62c84f7.jpg');
INSERT INTO "SPU_PICTURE" ("ID", "SPU_ID", "PICTURE_URL") VALUES ('66', '62', 'https://sky-take-out-yyh.oss-cn-beijing.aliyuncs.com/f45c36ed-8942-406d-beea-2b70d5b287a9.jpg');
INSERT INTO "SPU_PICTURE" ("ID", "SPU_ID", "PICTURE_URL") VALUES ('67', '62', 'https://sky-take-out-yyh.oss-cn-beijing.aliyuncs.com/af9ac39c-4b0c-458b-a825-908d9917aabb.jpg');
INSERT INTO "SPU_PICTURE" ("ID", "SPU_ID", "PICTURE_URL") VALUES ('68', '63', 'https://sky-take-out-yyh.oss-cn-beijing.aliyuncs.com/e534186a-3936-4a49-a848-a216af4d083c.jpg');
INSERT INTO "SPU_PICTURE" ("ID", "SPU_ID", "PICTURE_URL") VALUES ('69', '64', 'https://sky-take-out-yyh.oss-cn-beijing.aliyuncs.com/db6d6a55-2b7d-4b15-8e76-d7e958bda525.jpg');
INSERT INTO "SPU_PICTURE" ("ID", "SPU_ID", "PICTURE_URL") VALUES ('70', '65', 'https://sky-take-out-yyh.oss-cn-beijing.aliyuncs.com/70b1c023-887c-4896-838b-ab42dfe6aa45.jpg');
INSERT INTO "SPU_PICTURE" ("ID", "SPU_ID", "PICTURE_URL") VALUES ('81', '81', 'https://sky-take-out-yyh.oss-cn-beijing.aliyuncs.com/9e808047-411d-45b7-8632-6eb2f5ba0d5a.jpg');
INSERT INTO "SPU_PICTURE" ("ID", "SPU_ID", "PICTURE_URL") VALUES ('82', '81', 'https://sky-take-out-yyh.oss-cn-beijing.aliyuncs.com/b49515ff-4b28-410a-a4d0-57dc7bdee9d1.jpg');
COMMIT;
COMMIT;

-- ----------------------------
-- Table structure for STAR
-- ----------------------------
DROP TABLE "STAR";
CREATE TABLE "STAR" (
  "ID" NUMBER(11,0) VISIBLE NOT NULL,
  "USER_ID" NUMBER(11,0) VISIBLE,
  "SPU_ID" NUMBER(11,0) VISIBLE,
  "CREATE_TIME" DATE VISIBLE,
  "UPDATE_TIME" DATE VISIBLE,
  "IS_DELETED" NVARCHAR2(255) VISIBLE
)
LOGGING
NOCOMPRESS
PCTFREE 10
INITRANS 1
STORAGE (
  BUFFER_POOL DEFAULT
)
PARALLEL 1
NOCACHE
DISABLE ROW MOVEMENT
;
COMMENT ON COLUMN "STAR"."ID" IS '主键';
COMMENT ON COLUMN "STAR"."USER_ID" IS '用户ID';
COMMENT ON COLUMN "STAR"."SPU_ID" IS 'spu_id';
COMMENT ON COLUMN "STAR"."CREATE_TIME" IS '创建时间';
COMMENT ON COLUMN "STAR"."UPDATE_TIME" IS '更新时间';
COMMENT ON COLUMN "STAR"."IS_DELETED" IS '是否删除（1删除0未删除）
';

-- ----------------------------
-- Records of STAR
-- ----------------------------
COMMIT;
COMMIT;

-- ----------------------------
-- Table structure for USER
-- ----------------------------
DROP TABLE "USER";
CREATE TABLE "USER" (
  "ID" NUMBER(11,0) VISIBLE NOT NULL,
  "OPENID" NVARCHAR2(255) VISIBLE,
  "NAME" NVARCHAR2(255) VISIBLE,
  "PHONE" NVARCHAR2(255) VISIBLE,
  "SEX" NUMBER(11,0) VISIBLE,
  "ID_NUMBER" NVARCHAR2(255) VISIBLE,
  "HEAD_IMAGE" NVARCHAR2(255) VISIBLE,
  "IS_DELETED" NUMBER(11,0) VISIBLE
)
LOGGING
NOCOMPRESS
PCTFREE 10
INITRANS 1
STORAGE (
  INITIAL 65536 
  NEXT 1048576 
  MINEXTENTS 1
  MAXEXTENTS 2147483645
  BUFFER_POOL DEFAULT
)
PARALLEL 1
NOCACHE
DISABLE ROW MOVEMENT
;
COMMENT ON COLUMN "USER"."ID" IS '主键
';
COMMENT ON COLUMN "USER"."OPENID" IS '微信用户唯一标识
';
COMMENT ON COLUMN "USER"."NAME" IS '姓名
';
COMMENT ON COLUMN "USER"."PHONE" IS '手机号
';
COMMENT ON COLUMN "USER"."SEX" IS '性别
';
COMMENT ON COLUMN "USER"."ID_NUMBER" IS '身份证号
';
COMMENT ON COLUMN "USER"."HEAD_IMAGE" IS '头像
';
COMMENT ON COLUMN "USER"."IS_DELETED" IS '是否删除（1删除0未删除）
';

-- ----------------------------
-- Records of USER
-- ----------------------------
INSERT INTO "USER" ("ID", "OPENID", "NAME", "PHONE", "SEX", "ID_NUMBER", "HEAD_IMAGE", "IS_DELETED") VALUES ('1', NULL, '大帅哥', '1892979', '1', NULL, NULL, '0');
COMMIT;
COMMIT;

-- ----------------------------
-- View structure for SHPPOING_USER_VIEW
-- ----------------------------
CREATE OR REPLACE VIEW "SHPPOING_USER_VIEW" AS select a.ID,a.USER_ID,A.IS_SELECTED ,b.NAME ,c.SKU_NAME,c.PICTURE,d.SPU_NAME,d.DESCRIPTION
from
    SHOPPING_CART a
        join "USER"  b
             on b."ID"=a.USER_ID
        join SKU c on   a.SKU_ID =c.ID
        join SPU d on c.SPU_ID = d.ID;

-- ----------------------------
-- Sequence structure for ADDRESS_SEQ
-- ----------------------------
DROP SEQUENCE "ADDRESS_SEQ";
CREATE SEQUENCE "ADDRESS_SEQ" MINVALUE 1 MAXVALUE 9999999999999999999999999999 INCREMENT BY 1 ORDER CACHE 20;

-- ----------------------------
-- Sequence structure for ATTRIBUTE_SEQ
-- ----------------------------
DROP SEQUENCE "ATTRIBUTE_SEQ";
CREATE SEQUENCE "ATTRIBUTE_SEQ" MINVALUE 1 MAXVALUE 9999999999999999999999999999 INCREMENT BY 1 ORDER CACHE 20;

-- ----------------------------
-- Sequence structure for EMPLOYEE_SEQ
-- ----------------------------
DROP SEQUENCE "EMPLOYEE_SEQ";
CREATE SEQUENCE "EMPLOYEE_SEQ" MINVALUE 1 MAXVALUE 9999999999999999999999999999 INCREMENT BY 1 ORDER CACHE 20;

-- ----------------------------
-- Sequence structure for ORDER_DETAIL_SEQ
-- ----------------------------
DROP SEQUENCE "ORDER_DETAIL_SEQ";
CREATE SEQUENCE "ORDER_DETAIL_SEQ" MINVALUE 1 MAXVALUE 9999999999999999999999999999 INCREMENT BY 1 ORDER CACHE 20;

-- ----------------------------
-- Sequence structure for ORDER_SUMMARY1_SEQ
-- ----------------------------
DROP SEQUENCE "ORDER_SUMMARY1_SEQ";
CREATE SEQUENCE "ORDER_SUMMARY1_SEQ" MINVALUE 1 MAXVALUE 9999999999999999999999999999 INCREMENT BY 1 ORDER CACHE 20;

-- ----------------------------
-- Sequence structure for ORDER_SUMMARY_SEQ
-- ----------------------------
DROP SEQUENCE "ORDER_SUMMARY_SEQ";
CREATE SEQUENCE "ORDER_SUMMARY_SEQ" MINVALUE 1 MAXVALUE 9999999999999999999999999999 INCREMENT BY 1 ORDER CACHE 20;

-- ----------------------------
-- Sequence structure for PRIMARY_SUMMARY_SEQ
-- ----------------------------
DROP SEQUENCE "PRIMARY_SUMMARY_SEQ";
CREATE SEQUENCE "PRIMARY_SUMMARY_SEQ" MINVALUE 1 MAXVALUE 9999999999999999999999999999 INCREMENT BY 1 ORDER CACHE 20;

-- ----------------------------
-- Sequence structure for SECONDARY_CLASSIFICATION_SEQ
-- ----------------------------
DROP SEQUENCE "SECONDARY_CLASSIFICATION_SEQ";
CREATE SEQUENCE "SECONDARY_CLASSIFICATION_SEQ" MINVALUE 1 MAXVALUE 9999999999999999999999999999 INCREMENT BY 1 ORDER CACHE 20;

-- ----------------------------
-- Sequence structure for SHOPPING_CART_SEQ
-- ----------------------------
DROP SEQUENCE "SHOPPING_CART_SEQ";
CREATE SEQUENCE "SHOPPING_CART_SEQ" MINVALUE 1 MAXVALUE 9999999999999999999999999999 INCREMENT BY 1 ORDER CACHE 20;

-- ----------------------------
-- Sequence structure for SHOP_STATUS_SEQ
-- ----------------------------
DROP SEQUENCE "SHOP_STATUS_SEQ";
CREATE SEQUENCE "SHOP_STATUS_SEQ" MINVALUE 1 MAXVALUE 9999999999999999999999999999 INCREMENT BY 1 ORDER CACHE 20;

-- ----------------------------
-- Sequence structure for SKU_ATTRI_SEQ
-- ----------------------------
DROP SEQUENCE "SKU_ATTRI_SEQ";
CREATE SEQUENCE "SKU_ATTRI_SEQ" MINVALUE 1 MAXVALUE 9999999999999999999999999999 INCREMENT BY 1 ORDER CACHE 20;

-- ----------------------------
-- Sequence structure for SKU_SEQ
-- ----------------------------
DROP SEQUENCE "SKU_SEQ";
CREATE SEQUENCE "SKU_SEQ" MINVALUE 1 MAXVALUE 9999999999999999999999999999 INCREMENT BY 1 ORDER CACHE 20;

-- ----------------------------
-- Sequence structure for SPECIFICATION_SEQ
-- ----------------------------
DROP SEQUENCE "SPECIFICATION_SEQ";
CREATE SEQUENCE "SPECIFICATION_SEQ" MINVALUE 1 MAXVALUE 9999999999999999999999999999 INCREMENT BY 1 ORDER CACHE 20;

-- ----------------------------
-- Sequence structure for SPU_PICTURE_SEQ
-- ----------------------------
DROP SEQUENCE "SPU_PICTURE_SEQ";
CREATE SEQUENCE "SPU_PICTURE_SEQ" MINVALUE 1 MAXVALUE 9999999999999999999999999999 INCREMENT BY 1 ORDER CACHE 20;

-- ----------------------------
-- Sequence structure for SPU_SEQ
-- ----------------------------
DROP SEQUENCE "SPU_SEQ";
CREATE SEQUENCE "SPU_SEQ" MINVALUE 1 MAXVALUE 9999999999999999999999999999 INCREMENT BY 1 ORDER CACHE 20;

-- ----------------------------
-- Sequence structure for STAR_SEQ
-- ----------------------------
DROP SEQUENCE "STAR_SEQ";
CREATE SEQUENCE "STAR_SEQ" MINVALUE 1 MAXVALUE 9999999999999999999999999999 INCREMENT BY 1 ORDER CACHE 20;

-- ----------------------------
-- Sequence structure for USER1_SEQ
-- ----------------------------
DROP SEQUENCE "USER1_SEQ";
CREATE SEQUENCE "USER1_SEQ" MINVALUE 1 MAXVALUE 9999999999999999999999999999 INCREMENT BY 1 ORDER CACHE 20;

-- ----------------------------
-- Sequence structure for USER2_SEQ
-- ----------------------------
DROP SEQUENCE "USER2_SEQ";
CREATE SEQUENCE "USER2_SEQ" MINVALUE 1 MAXVALUE 9999999999999999999999999999 INCREMENT BY 1 ORDER CACHE 20;

-- ----------------------------
-- Sequence structure for USER_SEQ
-- ----------------------------
DROP SEQUENCE "USER_SEQ";
CREATE SEQUENCE "USER_SEQ" MINVALUE 1 MAXVALUE 9999999999999999999999999999 INCREMENT BY 1 ORDER CACHE 20;

-- ----------------------------
-- Primary Key structure for table ADDRESS
-- ----------------------------
ALTER TABLE "ADDRESS" ADD CONSTRAINT "SYS_C007484" PRIMARY KEY ("ID");

-- ----------------------------
-- Checks structure for table ADDRESS
-- ----------------------------
ALTER TABLE "ADDRESS" ADD CONSTRAINT "SYS_C007483" CHECK ("ID" IS NOT NULL) NOT DEFERRABLE INITIALLY IMMEDIATE NORELY VALIDATE;

-- ----------------------------
-- Triggers structure for table ADDRESS
-- ----------------------------
CREATE TRIGGER "ADDRESS_TRIGGER" BEFORE INSERT ON "ADDRESS" REFERENCING OLD AS "OLD" NEW AS "NEW" FOR EACH ROW 
begin
select ADDRESS_SEQ.nextval into :new.ID from dual;
end;
/

-- ----------------------------
-- Primary Key structure for table ATTRIBUTE
-- ----------------------------
ALTER TABLE "ATTRIBUTE" ADD CONSTRAINT "_COPY_15" PRIMARY KEY ("ID");

-- ----------------------------
-- Checks structure for table ATTRIBUTE
-- ----------------------------
ALTER TABLE "ATTRIBUTE" ADD CONSTRAINT "SYS_C007485" CHECK ("ID" IS NOT NULL) NOT DEFERRABLE INITIALLY IMMEDIATE NORELY VALIDATE;

-- ----------------------------
-- Primary Key structure for table EMPLOYEE
-- ----------------------------
ALTER TABLE "EMPLOYEE" ADD CONSTRAINT "_COPY_14" PRIMARY KEY ("ID");

-- ----------------------------
-- Checks structure for table EMPLOYEE
-- ----------------------------
ALTER TABLE "EMPLOYEE" ADD CONSTRAINT "SYS_C007487" CHECK ("ID" IS NOT NULL) NOT DEFERRABLE INITIALLY IMMEDIATE NORELY VALIDATE;

-- ----------------------------
-- Triggers structure for table EMPLOYEE
-- ----------------------------
CREATE TRIGGER "EMPLOYEE_TRG_SET_TIMESTAMPS" BEFORE INSERT OR UPDATE ON "EMPLOYEE" REFERENCING OLD AS "OLD" NEW AS "NEW" FOR EACH ROW 
BEGIN
    IF INSERTING THEN
        :NEW.CREATE_TIME := SYSDATE;
        :NEW.UPDATE_TIME := SYSDATE;
    ELSIF UPDATING THEN
        :NEW.UPDATE_TIME := SYSDATE;
    END IF;
END;
/
CREATE TRIGGER "EMPLOYEE_TRIGGER" BEFORE INSERT ON "EMPLOYEE" REFERENCING OLD AS "OLD" NEW AS "NEW" FOR EACH ROW 
begin
    select EMPLOYEE_SEQ.nextval into :new.ID from dual;
end;
/

-- ----------------------------
-- Primary Key structure for table ORDER_DETAIL
-- ----------------------------
ALTER TABLE "ORDER_DETAIL" ADD CONSTRAINT "_COPY_13" PRIMARY KEY ("ID");

-- ----------------------------
-- Checks structure for table ORDER_DETAIL
-- ----------------------------
ALTER TABLE "ORDER_DETAIL" ADD CONSTRAINT "SYS_C007489" CHECK ("ID" IS NOT NULL) NOT DEFERRABLE INITIALLY IMMEDIATE NORELY VALIDATE;

-- ----------------------------
-- Triggers structure for table ORDER_DETAIL
-- ----------------------------
CREATE TRIGGER "ORDER_DETAIL_TRIGGER" BEFORE INSERT ON "ORDER_DETAIL" REFERENCING OLD AS "OLD" NEW AS "NEW" FOR EACH ROW 
begin
select ORDER_DETAIL_SEQ.nextval into :new.ID from dual;
end;
/

-- ----------------------------
-- Primary Key structure for table ORDER_SUMMARY
-- ----------------------------
ALTER TABLE "ORDER_SUMMARY" ADD CONSTRAINT "_COPY_12" PRIMARY KEY ("ID");

-- ----------------------------
-- Checks structure for table ORDER_SUMMARY
-- ----------------------------
ALTER TABLE "ORDER_SUMMARY" ADD CONSTRAINT "SYS_C007491" CHECK ("ID" IS NOT NULL) NOT DEFERRABLE INITIALLY IMMEDIATE NORELY VALIDATE;

-- ----------------------------
-- Primary Key structure for table PRIMARY_CLASSIFICATION
-- ----------------------------
ALTER TABLE "PRIMARY_CLASSIFICATION" ADD CONSTRAINT "_COPY_11" PRIMARY KEY ("ID");

-- ----------------------------
-- Checks structure for table PRIMARY_CLASSIFICATION
-- ----------------------------
ALTER TABLE "PRIMARY_CLASSIFICATION" ADD CONSTRAINT "SYS_C007493" CHECK ("ID" IS NOT NULL) NOT DEFERRABLE INITIALLY IMMEDIATE NORELY VALIDATE;

-- ----------------------------
-- Triggers structure for table PRIMARY_CLASSIFICATION
-- ----------------------------
CREATE TRIGGER "PRIMARY_SUMMARY_TRIGGER" BEFORE INSERT ON "PRIMARY_CLASSIFICATION" REFERENCING OLD AS "OLD" NEW AS "NEW" FOR EACH ROW 
begin
select PRIMARY_SUMMARY_SEQ.nextval into :new.ID from dual;
end;
/

-- ----------------------------
-- Primary Key structure for table SECONDARY_CLASSIFICATION
-- ----------------------------
ALTER TABLE "SECONDARY_CLASSIFICATION" ADD CONSTRAINT "_COPY_10" PRIMARY KEY ("ID");

-- ----------------------------
-- Checks structure for table SECONDARY_CLASSIFICATION
-- ----------------------------
ALTER TABLE "SECONDARY_CLASSIFICATION" ADD CONSTRAINT "SYS_C007495" CHECK ("ID" IS NOT NULL) NOT DEFERRABLE INITIALLY IMMEDIATE NORELY VALIDATE;

-- ----------------------------
-- Triggers structure for table SECONDARY_CLASSIFICATION
-- ----------------------------
CREATE TRIGGER "SECONDARY_CLASSIFICATION_TRIGGER" BEFORE INSERT ON "SECONDARY_CLASSIFICATION" REFERENCING OLD AS "OLD" NEW AS "NEW" FOR EACH ROW 
begin
select SECONDARY_CLASSIFICATION_SEQ.nextval into :new.ID from dual;
end;
/

-- ----------------------------
-- Primary Key structure for table SHOPPING_CART
-- ----------------------------
ALTER TABLE "SHOPPING_CART" ADD CONSTRAINT "_COPY_9" PRIMARY KEY ("ID");

-- ----------------------------
-- Checks structure for table SHOPPING_CART
-- ----------------------------
ALTER TABLE "SHOPPING_CART" ADD CONSTRAINT "SYS_C007497" CHECK ("ID" IS NOT NULL) NOT DEFERRABLE INITIALLY IMMEDIATE NORELY VALIDATE;

-- ----------------------------
-- Triggers structure for table SHOPPING_CART
-- ----------------------------
CREATE TRIGGER "SHOPPING_CART_TRG_SET_TIMESTAMPS" BEFORE INSERT OR UPDATE ON "SHOPPING_CART" REFERENCING OLD AS "OLD" NEW AS "NEW" FOR EACH ROW 
BEGIN
    IF INSERTING THEN
        :NEW.CREATE_TIME := SYSDATE;
        :NEW.UPDATE_TIME := SYSDATE;
    ELSIF UPDATING THEN
        :NEW.UPDATE_TIME := SYSDATE;
    END IF;
END;
/
CREATE TRIGGER "SHOPPING_CART_TRIGGER" BEFORE INSERT ON "SHOPPING_CART" REFERENCING OLD AS "OLD" NEW AS "NEW" FOR EACH ROW 
begin
select SHOPPING_CART_SEQ.nextval into :new.ID from dual;
end;
/

-- ----------------------------
-- Primary Key structure for table SHOPPING_CART_VIEW
-- ----------------------------
ALTER TABLE "SHOPPING_CART_VIEW" ADD CONSTRAINT "_COPY_8" PRIMARY KEY ("ID");

-- ----------------------------
-- Checks structure for table SHOPPING_CART_VIEW
-- ----------------------------
ALTER TABLE "SHOPPING_CART_VIEW" ADD CONSTRAINT "SYS_C007499" CHECK ("ID" IS NOT NULL) NOT DEFERRABLE INITIALLY IMMEDIATE NORELY VALIDATE;

-- ----------------------------
-- Primary Key structure for table SKU
-- ----------------------------
ALTER TABLE "SKU" ADD CONSTRAINT "_COPY_7" PRIMARY KEY ("ID");

-- ----------------------------
-- Checks structure for table SKU
-- ----------------------------
ALTER TABLE "SKU" ADD CONSTRAINT "SYS_C007501" CHECK ("ID" IS NOT NULL) NOT DEFERRABLE INITIALLY IMMEDIATE NORELY VALIDATE;

-- ----------------------------
-- Primary Key structure for table SKU_ATTRI
-- ----------------------------
ALTER TABLE "SKU_ATTRI" ADD CONSTRAINT "_COPY_6" PRIMARY KEY ("ID");

-- ----------------------------
-- Checks structure for table SKU_ATTRI
-- ----------------------------
ALTER TABLE "SKU_ATTRI" ADD CONSTRAINT "SYS_C007503" CHECK ("ID" IS NOT NULL) NOT DEFERRABLE INITIALLY IMMEDIATE NORELY VALIDATE;

-- ----------------------------
-- Primary Key structure for table SPECIFICATION
-- ----------------------------
ALTER TABLE "SPECIFICATION" ADD CONSTRAINT "_COPY_5" PRIMARY KEY ("ID");

-- ----------------------------
-- Checks structure for table SPECIFICATION
-- ----------------------------
ALTER TABLE "SPECIFICATION" ADD CONSTRAINT "SYS_C007505" CHECK ("ID" IS NOT NULL) NOT DEFERRABLE INITIALLY IMMEDIATE NORELY VALIDATE;

-- ----------------------------
-- Triggers structure for table SPECIFICATION
-- ----------------------------
CREATE TRIGGER "SPECIFICATION_TRIGGER" BEFORE INSERT ON "SPECIFICATION" REFERENCING OLD AS "OLD" NEW AS "NEW" FOR EACH ROW 
begin
    select SPECIFICATION_SEQ.nextval into :new.ID from dual;
end;
/

-- ----------------------------
-- Primary Key structure for table SPU
-- ----------------------------
ALTER TABLE "SPU" ADD CONSTRAINT "_COPY_4" PRIMARY KEY ("ID");

-- ----------------------------
-- Checks structure for table SPU
-- ----------------------------
ALTER TABLE "SPU" ADD CONSTRAINT "SYS_C007507" CHECK ("ID" IS NOT NULL) NOT DEFERRABLE INITIALLY IMMEDIATE NORELY VALIDATE;

-- ----------------------------
-- Primary Key structure for table SPU_PICTURE
-- ----------------------------
ALTER TABLE "SPU_PICTURE" ADD CONSTRAINT "_COPY_3" PRIMARY KEY ("ID");

-- ----------------------------
-- Checks structure for table SPU_PICTURE
-- ----------------------------
ALTER TABLE "SPU_PICTURE" ADD CONSTRAINT "SYS_C007509" CHECK ("ID" IS NOT NULL) NOT DEFERRABLE INITIALLY IMMEDIATE NORELY VALIDATE;
ALTER TABLE "SPU_PICTURE" ADD CONSTRAINT "SYS_C007510" CHECK ("PICTURE_URL" IS NOT NULL) NOT DEFERRABLE INITIALLY IMMEDIATE NORELY VALIDATE;

-- ----------------------------
-- Triggers structure for table SPU_PICTURE
-- ----------------------------
CREATE TRIGGER "SPU_PICTURE_TRIGGER" BEFORE INSERT ON "SPU_PICTURE" REFERENCING OLD AS "OLD" NEW AS "NEW" FOR EACH ROW 
begin
    select SPU_PICTURE_SEQ.nextval into :new.ID from dual;
end;
/

-- ----------------------------
-- Primary Key structure for table STAR
-- ----------------------------
ALTER TABLE "STAR" ADD CONSTRAINT "_COPY_2" PRIMARY KEY ("ID");

-- ----------------------------
-- Checks structure for table STAR
-- ----------------------------
ALTER TABLE "STAR" ADD CONSTRAINT "SYS_C007512" CHECK ("ID" IS NOT NULL) NOT DEFERRABLE INITIALLY IMMEDIATE NORELY VALIDATE;

-- ----------------------------
-- Triggers structure for table STAR
-- ----------------------------
CREATE TRIGGER "STAR_TRIGGER" BEFORE INSERT ON "STAR" REFERENCING OLD AS "OLD" NEW AS "NEW" FOR EACH ROW 
begin
select STAR_SEQ.nextval into :new.ID from dual;
end;
/

-- ----------------------------
-- Primary Key structure for table USER
-- ----------------------------
ALTER TABLE "USER" ADD CONSTRAINT "_COPY_1" PRIMARY KEY ("ID");

-- ----------------------------
-- Checks structure for table USER
-- ----------------------------
ALTER TABLE "USER" ADD CONSTRAINT "SYS_C007514" CHECK ("ID" IS NOT NULL) NOT DEFERRABLE INITIALLY IMMEDIATE NORELY VALIDATE;

-- ----------------------------
-- Foreign Keys structure for table ADDRESS
-- ----------------------------
ALTER TABLE "ADDRESS" ADD CONSTRAINT "ADDRESS_USER_ID_fk" FOREIGN KEY ("USER_ID") REFERENCES "USER" ("ID") NOT DEFERRABLE INITIALLY IMMEDIATE NORELY VALIDATE;

-- ----------------------------
-- Foreign Keys structure for table ATTRIBUTE
-- ----------------------------
ALTER TABLE "ATTRIBUTE" ADD CONSTRAINT "ATTRIBUTE_SPU_ID_fk" FOREIGN KEY ("SPU_ID") REFERENCES "SPU" ("ID") NOT DEFERRABLE INITIALLY IMMEDIATE NORELY VALIDATE;

-- ----------------------------
-- Foreign Keys structure for table ORDER_DETAIL
-- ----------------------------
ALTER TABLE "ORDER_DETAIL" ADD CONSTRAINT "ORDER_DETAIL_SKU_ID_fk" FOREIGN KEY ("SKUID") REFERENCES "SKU" ("ID") NOT DEFERRABLE INITIALLY IMMEDIATE NORELY VALIDATE;
ALTER TABLE "ORDER_DETAIL" ADD CONSTRAINT "ORDER_DETAIL_SPU_ID_fk" FOREIGN KEY ("SPUID") REFERENCES "SPU" ("ID") NOT DEFERRABLE INITIALLY IMMEDIATE NORELY VALIDATE;
ALTER TABLE "ORDER_DETAIL" ADD CONSTRAINT "SYS_C007649" FOREIGN KEY ("ORDER_ID") REFERENCES "ORDER_SUMMARY" ("ID") NOT DEFERRABLE INITIALLY IMMEDIATE NORELY VALIDATE;

-- ----------------------------
-- Foreign Keys structure for table ORDER_SUMMARY
-- ----------------------------
ALTER TABLE "ORDER_SUMMARY" ADD CONSTRAINT "ORDER_SUMMARY_USER_ID_fk" FOREIGN KEY ("USER_ID") REFERENCES "USER" ("ID") NOT DEFERRABLE INITIALLY IMMEDIATE NORELY VALIDATE;

-- ----------------------------
-- Foreign Keys structure for table SHOPPING_CART
-- ----------------------------
ALTER TABLE "SHOPPING_CART" ADD CONSTRAINT "SHOPPING_CART_SKU_ID_fk" FOREIGN KEY ("SKU_ID") REFERENCES "SKU" ("ID") NOT DEFERRABLE INITIALLY IMMEDIATE NORELY VALIDATE;
ALTER TABLE "SHOPPING_CART" ADD CONSTRAINT "SHOPPING_CART_USER_ID_fk" FOREIGN KEY ("USER_ID") REFERENCES "USER" ("ID") NOT DEFERRABLE INITIALLY IMMEDIATE NORELY VALIDATE;

-- ----------------------------
-- Foreign Keys structure for table SKU
-- ----------------------------
ALTER TABLE "SKU" ADD CONSTRAINT "SKU_SPU_ID_fk" FOREIGN KEY ("SPU_ID") REFERENCES "SPU" ("ID") NOT DEFERRABLE INITIALLY IMMEDIATE NORELY VALIDATE;

-- ----------------------------
-- Foreign Keys structure for table SPECIFICATION
-- ----------------------------
ALTER TABLE "SPECIFICATION" ADD CONSTRAINT "SPECIFICATION_SPU_ID_fk" FOREIGN KEY ("SPU_ID") REFERENCES "SPU" ("ID") NOT DEFERRABLE INITIALLY IMMEDIATE NORELY VALIDATE;

-- ----------------------------
-- Foreign Keys structure for table SPU
-- ----------------------------
ALTER TABLE "SPU" ADD CONSTRAINT "SPU_SECONDARY_CLASSIFICATION_ID_fk" FOREIGN KEY ("CATEGORY2_ID") REFERENCES "SECONDARY_CLASSIFICATION" ("ID") NOT DEFERRABLE INITIALLY IMMEDIATE NORELY VALIDATE;

-- ----------------------------
-- Foreign Keys structure for table SPU_PICTURE
-- ----------------------------
ALTER TABLE "SPU_PICTURE" ADD CONSTRAINT "SPU_PICTURE_SPU_ID_fk" FOREIGN KEY ("SPU_ID") REFERENCES "SPU" ("ID") NOT DEFERRABLE INITIALLY IMMEDIATE NORELY VALIDATE;
